[2026-09-26 23:44:04] This is codeql database create /home/cngu5238/COMP4617/COMP4617/codeql-database/lib-crypto-util --language=java-kotlin --overwrite --command=mvn clean install -DskipTests
[2026-09-26 23:44:04] Log file was started late.
[2026-09-26 23:44:04] [PROGRESS] database create> Initializing database at /home/cngu5238/COMP4617/COMP4617/codeql-database/lib-crypto-util.
[2026-09-26 23:44:05] Running plumbing command: codeql database init --overwrite --language=java-kotlin --extractor-options-verbosity=1 --qlconfig-file=/home/cngu5238/COMP4617/COMP4617/lib-crypto-util/qlconfig.yml --source-root=/home/cngu5238/COMP4617/COMP4617/lib-crypto-util --allow-missing-source-root=false --allow-already-existing -- /home/cngu5238/COMP4617/COMP4617/codeql-database/lib-crypto-util
[2026-09-26 23:44:05] Calling plumbing command: codeql resolve languages --extractor-options-verbosity=1 --format=betterjson
[2026-09-26 23:44:05] [DETAILS] resolve languages> Scanning for [codeql-extractor.yml] from /home/cngu5238/mod/codeql/.codeqlmanifest.json
[2026-09-26 23:44:05] [DETAILS] resolve languages> Parsing /home/cngu5238/mod/codeql/actions/codeql-extractor.yml.
[2026-09-26 23:44:05] [DETAILS] resolve languages> Parsing /home/cngu5238/mod/codeql/cpp/codeql-extractor.yml.
[2026-09-26 23:44:05] [DETAILS] resolve languages> Parsing /home/cngu5238/mod/codeql/csharp/codeql-extractor.yml.
[2026-09-26 23:44:05] [DETAILS] resolve languages> Parsing /home/cngu5238/mod/codeql/csv/codeql-extractor.yml.
[2026-09-26 23:44:05] [DETAILS] resolve languages> Parsing /home/cngu5238/mod/codeql/go/codeql-extractor.yml.
[2026-09-26 23:44:05] [DETAILS] resolve languages> Parsing /home/cngu5238/mod/codeql/html/codeql-extractor.yml.
[2026-09-26 23:44:05] [DETAILS] resolve languages> Parsing /home/cngu5238/mod/codeql/java/codeql-extractor.yml.
[2026-09-26 23:44:05] [DETAILS] resolve languages> Parsing /home/cngu5238/mod/codeql/javascript/codeql-extractor.yml.
[2026-09-26 23:44:06] [DETAILS] resolve languages> Parsing /home/cngu5238/mod/codeql/properties/codeql-extractor.yml.
[2026-09-26 23:44:06] [DETAILS] resolve languages> Parsing /home/cngu5238/mod/codeql/python/codeql-extractor.yml.
[2026-09-26 23:44:06] [DETAILS] resolve languages> Parsing /home/cngu5238/mod/codeql/ruby/codeql-extractor.yml.
[2026-09-26 23:44:06] [DETAILS] resolve languages> Parsing /home/cngu5238/mod/codeql/rust/codeql-extractor.yml.
[2026-09-26 23:44:06] [DETAILS] resolve languages> Parsing /home/cngu5238/mod/codeql/swift/codeql-extractor.yml.
[2026-09-26 23:44:06] [DETAILS] resolve languages> Parsing /home/cngu5238/mod/codeql/xml/codeql-extractor.yml.
[2026-09-26 23:44:06] [DETAILS] resolve languages> Parsing /home/cngu5238/mod/codeql/yaml/codeql-extractor.yml.
[2026-09-26 23:44:06] Plumbing command codeql resolve languages completed:
                      {
                        "aliases" : {
                          "c" : "cpp",
                          "c++" : "cpp",
                          "c-c++" : "cpp",
                          "c-cpp" : "cpp",
                          "c#" : "csharp",
                          "java-kotlin" : "java",
                          "kotlin" : "java",
                          "javascript-typescript" : "javascript",
                          "typescript" : "javascript"
                        },
                        "extractors" : {
                          "actions" : [
                            {
                              "extractor_root" : "/home/cngu5238/mod/codeql/actions",
                              "extractor_options" : { }
                            }
                          ],
                          "cpp" : [
                            {
                              "extractor_root" : "/home/cngu5238/mod/codeql/cpp",
                              "extractor_options" : {
                                "scale_timeouts" : {
                                  "title" : "Value to scale compiler introspection timeouts with",
                                  "description" : "The extractor attempts to determine what compiler the source code being extracted is compiled with. To this end the extractor makes additional calls to the compiler, some of which are expected to return within a certain fixed time (either 10s or 15s). On some systems that are under high load this time might be too short, and can be scaled up using this option.\n",
                                  "type" : "string",
                                  "pattern" : "[0-9]+"
                                },
                                "log_verbosity" : {
                                  "title" : "Verbosity of the extractor logging",
                                  "description" : "Set the verbosity of the extractor logging to 'quiet' (0), 'normal' (1), 'chatty' (2), or 'noisy' (3). The default is 'normal'.\n",
                                  "type" : "string",
                                  "pattern" : "[0-3]"
                                }
                              }
                            }
                          ],
                          "csharp" : [
                            {
                              "extractor_root" : "/home/cngu5238/mod/codeql/csharp",
                              "extractor_options" : {
                                "trap" : {
                                  "title" : "Options pertaining to TRAP.",
                                  "description" : "Options pertaining to TRAP.",
                                  "type" : "object",
                                  "properties" : {
                                    "compression" : {
                                      "title" : "Controls compression for the TRAP files written by the extractor.",
                                      "description" : "This option is only intended for use in debugging the extractor. Accepted values are 'brotli' (the default, to write brotli-compressed TRAP), 'gzip', and 'none' (to write uncompressed TRAP).\n",
                                      "type" : "string",
                                      "pattern" : "^(none|gzip|brotli)$"
                                    }
                                  }
                                },
                                "buildless" : {
                                  "title" : "DEPRECATED - Whether to use buildless (standalone) extraction.",
                                  "description" : "DEPRECATED: Use `--build-mode none` instead.\nA value indicating, which type of extraction the autobuilder should perform. If 'true', then the standalone extractor will be used, otherwise tracing extraction will be performed. The default is 'false'. Note that buildless extraction will generally yield less accurate analysis results, and should only be used in cases where it is not possible to build the code (for example if it uses inaccessible dependencies).\n",
                                  "type" : "string",
                                  "pattern" : "^(false|true)$"
                                },
                                "logging" : {
                                  "title" : "Options pertaining to logging.",
                                  "description" : "Options pertaining to logging.",
                                  "type" : "object",
                                  "properties" : {
                                    "verbosity" : {
                                      "title" : "Extractor logging verbosity level.",
                                      "description" : "Controls the level of verbosity of the extractor. The supported levels are (in order of increasing verbosity):\n  - off\n  - errors\n  - warnings\n  - info or progress\n  - debug or progress+\n  - trace or progress++\n  - progress+++\n",
                                      "type" : "string",
                                      "pattern" : "^(off|errors|warnings|(info|progress)|(debug|progress\\+)|(trace|progress\\+\\+)|progress\\+\\+\\+)$"
                                    }
                                  }
                                },
                                "binlog" : {
                                  "title" : "Binlog",
                                  "description" : "[EXPERIMENTAL] The value is a path to the MsBuild binary log file that should be extracted. This option only works when `--build-mode none` is also specified.\n",
                                  "type" : "array"
                                },
                                "buildless_dependency_dir" : {
                                  "title" : "The path where buildless (standalone) extraction should keep dependencies.",
                                  "description" : "If set, the buildless (standalone) extractor will store dependencies in this directory.\n",
                                  "type" : "string"
                                }
                              }
                            }
                          ],
                          "csv" : [
                            {
                              "extractor_root" : "/home/cngu5238/mod/codeql/csv"
                            }
                          ],
                          "go" : [
                            {
                              "extractor_root" : "/home/cngu5238/mod/codeql/go",
                              "extractor_options" : {
                                "extract_tests" : {
                                  "title" : "Whether to include Go test files in the CodeQL database.",
                                  "description" : "A value indicating whether Go test files should be included in the CodeQL database. The default is 'false'.\n",
                                  "type" : "string",
                                  "pattern" : "^(false|true)$"
                                },
                                "extract_vendor_dirs" : {
                                  "title" : "Whether to include Go vendor directories in the CodeQL database.",
                                  "description" : "A value indicating whether Go vendor directories should be included in the CodeQL database. The default is 'false'.\n",
                                  "type" : "string",
                                  "pattern" : "^(false|true)$"
                                }
                              }
                            }
                          ],
                          "html" : [
                            {
                              "extractor_root" : "/home/cngu5238/mod/codeql/html"
                            }
                          ],
                          "java" : [
                            {
                              "extractor_root" : "/home/cngu5238/mod/codeql/java",
                              "extractor_options" : {
                                "exclude" : {
                                  "title" : "A glob excluding files from analysis.",
                                  "description" : "A glob indicating what files to exclude from the analysis. This accepts glob patterns that are supported by Java's 'getPathMatcher' implementation.\n",
                                  "type" : "string"
                                },
                                "add_prefer_source" : {
                                  "title" : "Whether to always prefer source files over class files.",
                                  "description" : "A value indicating whether source files should be preferred over class files. If set to 'true', the extraction adds '-Xprefer:source' to the javac command line. If set to 'false', the extraction uses the default javac behavior ('-Xprefer:newer'). The default is 'true'.\n",
                                  "type" : "string",
                                  "pattern" : "^(false|true)$"
                                },
                                "buildless" : {
                                  "title" : "Whether to use buildless (standalone) extraction (experimental).",
                                  "description" : "A value indicating, which type of extraction the autobuilder should perform. If 'true', then the standalone extractor will be used, otherwise tracing extraction will be performed. The default is 'false'. Note that buildless extraction will generally yield less accurate analysis results, and should only be used in cases where it is not possible to build the code (for example if it uses inaccessible dependencies).\n",
                                  "type" : "string",
                                  "pattern" : "^(false|true)$"
                                },
                                "buildless_dependency_dir" : {
                                  "title" : "The path where buildless (standalone) extraction should keep dependencies.",
                                  "description" : "If set, the buildless (standalone) extractor will store dependencies in this directory.\n",
                                  "type" : "string"
                                },
                                "minimize_dependency_jars" : {
                                  "title" : "Whether to rewrite and minimize downloaded JAR dependencies (experimental).",
                                  "description" : "If 'true', JAR dependencies downloaded during extraction will be rewritten to remove unneeded data, such as method bodies. The default is 'false'.\n",
                                  "type" : "string",
                                  "pattern" : "^(false|true)$"
                                }
                              }
                            }
                          ],
                          "javascript" : [
                            {
                              "extractor_root" : "/home/cngu5238/mod/codeql/javascript",
                              "extractor_options" : {
                                "skip_types" : {
                                  "title" : "Skip type extraction for TypeScript",
                                  "description" : "Whether to skip the extraction of types in a TypeScript application",
                                  "type" : "string",
                                  "pattern" : "^(false|true)$"
                                }
                              }
                            }
                          ],
                          "properties" : [
                            {
                              "extractor_root" : "/home/cngu5238/mod/codeql/properties"
                            }
                          ],
                          "python" : [
                            {
                              "extractor_root" : "/home/cngu5238/mod/codeql/python",
                              "extractor_options" : {
                                "logging" : {
                                  "title" : "Options pertaining to logging.",
                                  "description" : "Options pertaining to logging.",
                                  "type" : "object",
                                  "properties" : {
                                    "verbosity" : {
                                      "title" : "Python extractor logging verbosity level.",
                                      "description" : "Controls the level of verbosity of the CodeQL Python extractor.\nThe supported levels are (in order of increasing verbosity):\n\n  - off\n  - errors\n  - warnings\n  - info or progress\n  - debug or progress+\n  - trace or progress++\n  - progress+++\n",
                                      "type" : "string",
                                      "pattern" : "^(off|errors|warnings|(info|progress)|(debug|progress\\+)|(trace|progress\\+\\+)|progress\\+\\+\\+)$"
                                    }
                                  }
                                },
                                "python_executable_name" : {
                                  "title" : "Controls the name of the Python executable used by the Python extractor.",
                                  "description" : "The Python extractor uses platform-dependent heuristics to determine the name of the Python executable to use. Specifying a value for this option overrides the name of the Python executable used by the extractor. Accepted values are py, python and python3. Use this setting with caution, the Python extractor requires Python 3 to run.\n",
                                  "type" : "string",
                                  "pattern" : "^(py|python|python3)$"
                                }
                              }
                            }
                          ],
                          "ruby" : [
                            {
                              "extractor_root" : "/home/cngu5238/mod/codeql/ruby",
                              "extractor_options" : {
                                "trap" : {
                                  "title" : "Options pertaining to TRAP.",
                                  "description" : "Options pertaining to TRAP.",
                                  "type" : "object",
                                  "properties" : {
                                    "compression" : {
                                      "title" : "Controls compression for the TRAP files written by the extractor.",
                                      "description" : "This option is only intended for use in debugging the extractor. Accepted values are 'gzip' (the default, to write gzip-compressed TRAP) 'zstd' (to write Zstandard-compressed TRAP) and 'none' (to write uncompressed TRAP).\n",
                                      "type" : "string",
                                      "pattern" : "^(none|gzip|zstd)$"
                                    }
                                  }
                                }
                              }
                            }
                          ],
                          "rust" : [
                            {
                              "extractor_root" : "/home/cngu5238/mod/codeql/rust",
                              "extractor_options" : {
                                "trap" : {
                                  "title" : "Options pertaining to TRAP.",
                                  "description" : "Options pertaining to TRAP.",
                                  "type" : "object",
                                  "properties" : {
                                    "compression" : {
                                      "title" : "Controls compression for the TRAP files written by the extractor.",
                                      "description" : "This option is only intended for use in debugging the extractor. Accepted values are 'gzip' (to write gzip-compressed TRAP) 'zstd' (the default, to write Zstandard-compressed TRAP) and 'none' (to write uncompressed TRAP).\n",
                                      "type" : "string",
                                      "pattern" : "^(none|gzip|zstd)$"
                                    }
                                  }
                                },
                                "cargo_target_dir" : {
                                  "title" : "Directory to use for cargo output files.",
                                  "description" : "This value is an optional path to use as `CARGO_TARGET_DIR` for the internal cargo commands the extractor uses. Pointing it to a persistent directory may reduce execution time of consecutive extractor runs. By default, a new scratch directory is used for each extraction, while qltests use the test's `target` directory so artifacts can be reused across runs.\n",
                                  "type" : "string"
                                },
                                "cargo_target" : {
                                  "title" : "Target architecture",
                                  "description" : "Target architecture to use for analysis, analogous to `cargo --target`. By default the host architecture is used.\n",
                                  "type" : "string"
                                },
                                "cargo_features" : {
                                  "title" : "Cargo features to turn on",
                                  "description" : "Comma-separated list of features to turn on. By default all features are enabled. If any features are specified, then only those features are enabled. The `default` feature must be explicitly specified if only default features are desired. Can be repeated.\n",
                                  "type" : "array"
                                },
                                "cargo_cfg_overrides" : {
                                  "title" : "Cargo cfg overrides",
                                  "description" : "Comma-separated list of cfg settings to enable, or disable if prefixed with `-`. Can be repeated.\n",
                                  "type" : "array"
                                },
                                "logging" : {
                                  "title" : "Options pertaining to logging.",
                                  "description" : "Options pertaining to logging.",
                                  "type" : "object",
                                  "properties" : {
                                    "verbosity" : {
                                      "title" : "Extractor logging verbosity level.",
                                      "description" : "Controls the level of verbosity of the extractor. The supported levels are (in order of increasing verbosity):\n  - off\n  - errors\n  - warnings\n  - info or progress\n  - debug or progress+\n  - trace or progress++\n  - progress+++\n",
                                      "type" : "string",
                                      "pattern" : "^(off|errors|warnings|(info|progress)|(debug|progress\\+)|(trace|progress\\+\\+)|progress\\+\\+\\+)$"
                                    },
                                    "flamegraph" : {
                                      "title" : "[Experimental] File path for write flame graph log",
                                      "description" : "Collect flame graph data using the `tracing-flame` crate. To render a flame graph or chart, run the `inferno-flamegraph` command. See also: https://crates.io/crates/tracing-flame\n",
                                      "type" : "string"
                                    }
                                  }
                                },
                                "extract_dependencies_as_source" : {
                                  "title" : "Extract dependencies as source code",
                                  "description" : "Extract the full source code of dependencies instead of only extracting signatures.\n",
                                  "type" : "string",
                                  "pattern" : "^(false|true)$"
                                }
                              }
                            }
                          ],
                          "swift" : [
                            {
                              "extractor_root" : "/home/cngu5238/mod/codeql/swift"
                            }
                          ],
                          "xml" : [
                            {
                              "extractor_root" : "/home/cngu5238/mod/codeql/xml"
                            }
                          ],
                          "yaml" : [
                            {
                              "extractor_root" : "/home/cngu5238/mod/codeql/yaml"
                            }
                          ]
                        }
                      }
[2026-09-26 23:44:06] [PROGRESS] database init> Calculating baseline information in /home/cngu5238/COMP4617/COMP4617/lib-crypto-util
[2026-09-26 23:44:06] [SPAMMY] database init> Ignoring the following directories when processing baseline information: .git, .hg, .svn.
[2026-09-26 23:44:06] [DETAILS] database init> Running command in /home/cngu5238/COMP4617/COMP4617/lib-crypto-util: /home/cngu5238/mod/codeql/tools/linux64/scc --no-config --by-file --exclude-dir .git,.hg,.svn --format json --no-large --no-min .
[2026-09-26 23:44:06] Using configure-baseline script /home/cngu5238/mod/codeql/actions/tools/configure-baseline.sh.
[2026-09-26 23:44:06] [PROGRESS] database init> Running command in /home/cngu5238/COMP4617/COMP4617/lib-crypto-util: [/home/cngu5238/mod/codeql/actions/tools/configure-baseline.sh]
[2026-09-26 23:44:06] [SPAMMY] database init> Ignored an additional 2 files when processing baseline information for YAML due to paths and paths-ignore configuration.
[2026-09-26 23:44:06] [SPAMMY] database init> Found 5 baseline files for java.
[2026-09-26 23:44:06] [SPAMMY] database init> Found 1 baseline files for actions.
[2026-09-26 23:44:06] [PROGRESS] database init> Calculated baseline information for languages: actions, java (202ms).
[2026-09-26 23:44:06] [SPAMMY] database init> Selected JGit Git client for /home/cngu5238/COMP4617/COMP4617/lib-crypto-util because the repository uses SHA-1 object format.
[2026-09-26 23:44:07] [PROGRESS] database init> Resolving extractor java.
[2026-09-26 23:44:07] [DETAILS] database init> Found candidate extractor root for java: /home/cngu5238/mod/codeql/java.
[2026-09-26 23:44:07] [PROGRESS] database init> Successfully loaded extractor Java/Kotlin (java) from /home/cngu5238/mod/codeql/java.
[2026-09-26 23:44:07] [PROGRESS] database init> Created skeleton CodeQL database at /home/cngu5238/COMP4617/COMP4617/codeql-database/lib-crypto-util. This in-progress database is ready to be populated by an extractor.
[2026-09-26 23:44:07] Plumbing command codeql database init completed.
[2026-09-26 23:44:07] [PROGRESS] database create> Running build command: [mvn, clean, install, -DskipTests]
[2026-09-26 23:44:07] Running plumbing command: codeql database trace-command --working-dir=/home/cngu5238/COMP4617/COMP4617/lib-crypto-util --index-traceless-dbs --no-db-cluster -- /home/cngu5238/COMP4617/COMP4617/codeql-database/lib-crypto-util mvn clean install -DskipTests
[2026-09-26 23:44:07] [PROGRESS] database trace-command> Running command in /home/cngu5238/COMP4617/COMP4617/lib-crypto-util: [mvn, clean, install, -DskipTests]
[2026-09-26 23:44:20] [build-stdout] [INFO] Scanning for projects...
[2026-09-26 23:44:20] [build-stdout] [INFO] 
[2026-09-26 23:44:20] [build-stdout] [INFO] ---------------------< org.jenkins-ci:crypto-util >---------------------
[2026-09-26 23:44:20] [build-stdout] [INFO] Building Utility around Java Crypto API 1.12-SNAPSHOT
[2026-09-26 23:44:20] [build-stdout] [INFO]   from pom.xml
[2026-09-26 23:44:20] [build-stdout] [INFO] --------------------------------[ jar ]---------------------------------
[2026-09-26 23:44:25] [build-stdout] [INFO] 
[2026-09-26 23:44:25] [build-stdout] [INFO] --- clean:3.5.0:clean (default-clean) @ crypto-util ---
[2026-09-26 23:44:25] [build-stdout] [INFO] Deleting /home/cngu5238/COMP4617/COMP4617/lib-crypto-util/target
[2026-09-26 23:44:25] [build-stdout] [INFO] 
[2026-09-26 23:44:25] [build-stdout] [INFO] --- buildnumber:3.2.1:create (default) @ crypto-util ---
[2026-09-26 23:44:35] [build-stdout] [INFO] Executing: /bin/sh -c cd '/home/cngu5238/COMP4617/COMP4617/lib-crypto-util' && 'git' 'rev-parse' '--show-prefix'
[2026-09-26 23:44:35] [build-stdout] [INFO] Working directory: /home/cngu5238/COMP4617/COMP4617/lib-crypto-util
[2026-09-26 23:44:36] [build-stdout] [INFO] Executing: /bin/sh -c cd '/home/cngu5238/COMP4617/COMP4617/lib-crypto-util' && 'git' 'status' '--porcelain' '.'
[2026-09-26 23:44:36] [build-stdout] [INFO] Working directory: /home/cngu5238/COMP4617/COMP4617/lib-crypto-util
[2026-09-26 23:44:36] [build-stdout] [WARNING] Ignoring unrecognized line: ?? effective-pom.xml
[2026-09-26 23:44:36] [build-stdout] [INFO] Executing: /bin/sh -c cd '/home/cngu5238/COMP4617/COMP4617/lib-crypto-util' && 'git' 'log' '-1' '--no-merges' '--format=format:%H %aI %aE %aN'
[2026-09-26 23:44:36] [build-stdout] [INFO] Working directory: /home/cngu5238/COMP4617/COMP4617/lib-crypto-util
[2026-09-26 23:44:36] [build-stdout] [INFO] Storing buildNumber: 0f114b39bc51a18f876497271641db91a1544e61 at timestamp: 1790430275816
[2026-09-26 23:44:36] [build-stdout] [INFO] Executing: /bin/sh -c cd '/home/cngu5238/COMP4617/COMP4617/lib-crypto-util' && 'git' 'symbolic-ref' 'HEAD'
[2026-09-26 23:44:36] [build-stdout] [INFO] Working directory: /home/cngu5238/COMP4617/COMP4617/lib-crypto-util
[2026-09-26 23:44:36] [build-stdout] [INFO] Storing scmBranch: master
[2026-09-26 23:44:36] [build-stdout] [INFO] 
[2026-09-26 23:44:36] [build-stdout] [INFO] --- enforcer:3.6.2:enforce (display-info) @ crypto-util ---
[2026-09-26 23:44:38] [build-stdout] [INFO] Rule 0: io.jenkins.tools.incrementals.enforcer.RequireExtensionVersion passed
[2026-09-26 23:44:38] [build-stdout] [INFO] Rule 1: org.apache.maven.enforcer.rules.version.RequireMavenVersion passed
[2026-09-26 23:44:38] [build-stdout] [INFO] Rule 2: org.apache.maven.enforcer.rules.version.RequireJavaVersion passed
[2026-09-26 23:44:38] [build-stdout] [INFO] Rule 3: org.apache.maven.enforcer.rules.dependency.BannedDependencies passed
[2026-09-26 23:44:38] [build-stdout] [INFO] Rule 4: org.apache.maven.enforcer.rules.dependency.RequireUpperBoundDeps passed
[2026-09-26 23:44:38] [build-stdout] [INFO] Rule 5: org.codehaus.mojo.extraenforcer.dependencies.EnforceBytecodeVersion passed
[2026-09-26 23:44:38] [build-stdout] [INFO] 
[2026-09-26 23:44:38] [build-stdout] [INFO] --- enforcer:3.6.2:enforce (check-junit-imports) @ crypto-util ---
[2026-09-26 23:44:39] [build-stdout] [INFO] Rule 0: org.apache.maven.plugins.enforcer.RestrictImports passed
[2026-09-26 23:44:39] [build-stdout] [INFO] 
[2026-09-26 23:44:39] [build-stdout] [INFO] --- resources:3.4.0:resources (default-resources) @ crypto-util ---
[2026-09-26 23:44:40] [build-stdout] [INFO] skip non existing resourceDirectory /home/cngu5238/COMP4617/COMP4617/lib-crypto-util/src/main/resources
[2026-09-26 23:44:40] [build-stdout] [INFO] 
[2026-09-26 23:44:40] [build-stdout] [INFO] --- flatten:1.7.3:flatten (flatten) @ crypto-util ---
[2026-09-26 23:44:40] [build-stdout] [INFO] Generating flattened POM of project org.jenkins-ci:crypto-util:jar:1.12-SNAPSHOT...
[2026-09-26 23:44:40] [build-stdout] [INFO] 
[2026-09-26 23:44:40] [build-stdout] [INFO] --- compiler:3.14.1:compile (default-compile) @ crypto-util ---
[2026-09-26 23:44:42] [build-stdout] [INFO] Recompiling the module because of changed source code.
[2026-09-26 23:44:42] [build-stdout] [INFO] Compiling 3 source files with javac [debug parameters release 21] to target/classes
[2026-09-26 23:45:11] [build-stdout] [WARNING] unknown enum constant javax.annotation.meta.When.ALWAYS
[2026-09-26 23:45:11] [build-stdout]   reason: class file for javax.annotation.meta.When not found
[2026-09-26 23:45:11] [build-stdout] [INFO] 
[2026-09-26 23:45:11] [build-stdout] [INFO] --- resources:3.4.0:testResources (default-testResources) @ crypto-util ---
[2026-09-26 23:45:11] [build-stdout] [INFO] Copying 3 resources from src/test/resources to target/test-classes
[2026-09-26 23:45:11] [build-stdout] [INFO] 
[2026-09-26 23:45:11] [build-stdout] [INFO] --- compiler:3.14.1:testCompile (default-testCompile) @ crypto-util ---
[2026-09-26 23:45:11] [build-stdout] [INFO] Recompiling the module because of changed dependency.
[2026-09-26 23:45:12] [build-stdout] [INFO] Compiling 2 source files with javac [debug parameters release 21] to target/test-classes
[2026-09-26 23:45:20] [build-stdout] [INFO] 
[2026-09-26 23:45:20] [build-stdout] [INFO] --- surefire:3.5.4:test (default-test) @ crypto-util ---
[2026-09-26 23:45:22] [build-stdout] [INFO] Tests are skipped.
[2026-09-26 23:45:22] [build-stdout] [INFO] 
[2026-09-26 23:45:22] [build-stdout] [INFO] --- jar:3.5.0:jar (default-jar) @ crypto-util ---
[2026-09-26 23:45:25] [build-stdout] [INFO] Building jar: /home/cngu5238/COMP4617/COMP4617/lib-crypto-util/target/crypto-util-1.12-SNAPSHOT.jar
[2026-09-26 23:45:25] [build-stdout] [INFO] 
[2026-09-26 23:45:25] [build-stdout] [INFO] >>> spotbugs:4.9.8.2:check (spotbugs) > :spotbugs @ crypto-util >>>
[2026-09-26 23:45:25] [build-stdout] [INFO] 
[2026-09-26 23:45:25] [build-stdout] [INFO] --- spotbugs:4.9.8.2:spotbugs (spotbugs) @ crypto-util ---
[2026-09-26 23:45:41] [build-stdout] [INFO] Fork Value is true
[2026-09-26 23:45:54] [build-stdout] [INFO] Done SpotBugs Analysis....
[2026-09-26 23:45:55] [build-stdout] [INFO] Skipping com.github.spotbugs:spotbugs-maven-plugin:4.9.8.2:spotbugs report goal
[2026-09-26 23:45:55] [build-stdout] [INFO] 
[2026-09-26 23:45:55] [build-stdout] [INFO] <<< spotbugs:4.9.8.2:check (spotbugs) < :spotbugs @ crypto-util <<<
[2026-09-26 23:45:55] [build-stdout] [INFO] 
[2026-09-26 23:45:55] [build-stdout] [INFO] 
[2026-09-26 23:45:55] [build-stdout] [INFO] --- spotbugs:4.9.8.2:check (spotbugs) @ crypto-util ---
[2026-09-26 23:45:55] [build-stdout] [INFO] BugInstance size is 0
[2026-09-26 23:45:55] [build-stdout] [INFO] Error size is 0
[2026-09-26 23:45:55] [build-stdout] [INFO] No errors/warnings found
[2026-09-26 23:45:55] [build-stdout] [INFO] 
[2026-09-26 23:45:55] [build-stdout] [INFO] --- spotless:3.1.0:check (default) @ crypto-util ---
[2026-09-26 23:45:58] [build-stdout] [INFO] Spotless check skipped
[2026-09-26 23:45:58] [build-stdout] [INFO] 
[2026-09-26 23:45:58] [build-stdout] [INFO] --- install:3.1.4:install (default-install) @ crypto-util ---
[2026-09-26 23:45:58] [build-stdout] [INFO] Installing /home/cngu5238/COMP4617/COMP4617/lib-crypto-util/target/crypto-util-1.12-SNAPSHOT.pom to /home/cngu5238/.m2/repository/org/jenkins-ci/crypto-util/1.12-SNAPSHOT/crypto-util-1.12-SNAPSHOT.pom
[2026-09-26 23:45:58] [build-stdout] [INFO] Installing /home/cngu5238/COMP4617/COMP4617/lib-crypto-util/target/crypto-util-1.12-SNAPSHOT.jar to /home/cngu5238/.m2/repository/org/jenkins-ci/crypto-util/1.12-SNAPSHOT/crypto-util-1.12-SNAPSHOT.jar
[2026-09-26 23:45:58] [build-stdout] [INFO] ------------------------------------------------------------------------
[2026-09-26 23:45:58] [build-stdout] [INFO] BUILD SUCCESS
[2026-09-26 23:45:58] [build-stdout] [INFO] ------------------------------------------------------------------------
[2026-09-26 23:45:58] [build-stdout] [INFO] Total time:  01:38 min
[2026-09-26 23:45:58] [build-stdout] [INFO] Finished at: 2026-09-26T23:45:58+10:00
[2026-09-26 23:45:58] [build-stdout] [INFO] ------------------------------------------------------------------------
[2026-09-26 23:45:59] Plumbing command codeql database trace-command completed.
[2026-09-26 23:45:59] [PROGRESS] database create> Finalizing database at /home/cngu5238/COMP4617/COMP4617/codeql-database/lib-crypto-util.
[2026-09-26 23:45:59] Running plumbing command: codeql database finalize --no-db-cluster -- /home/cngu5238/COMP4617/COMP4617/codeql-database/lib-crypto-util
[2026-09-26 23:45:59] Using pre-finalize script /home/cngu5238/mod/codeql/java/tools/pre-finalize.sh.
[2026-09-26 23:45:59] [PROGRESS] database finalize> Running pre-finalize script /home/cngu5238/mod/codeql/java/tools/pre-finalize.sh in /home/cngu5238/COMP4617/COMP4617/lib-crypto-util.
[2026-09-26 23:45:59] Running plumbing command: codeql database trace-command --working-dir=/home/cngu5238/COMP4617/COMP4617/lib-crypto-util --no-tracing -- /home/cngu5238/COMP4617/COMP4617/codeql-database/lib-crypto-util /home/cngu5238/mod/codeql/java/tools/pre-finalize.sh
[2026-09-26 23:45:59] [PROGRESS] database trace-command> Running command in /home/cngu5238/COMP4617/COMP4617/lib-crypto-util: [/home/cngu5238/mod/codeql/java/tools/pre-finalize.sh]
[2026-09-26 23:46:03] [build-stderr] Scanning for files in /home/cngu5238/COMP4617/COMP4617/lib-crypto-util...
[2026-09-26 23:46:04] [build-stderr] /home/cngu5238/COMP4617/COMP4617/codeql-database/lib-crypto-util: Indexing files in in /home/cngu5238/COMP4617/COMP4617/lib-crypto-util...
[2026-09-26 23:46:04] [build-stderr] Running command in /home/cngu5238/COMP4617/COMP4617/lib-crypto-util: [/home/cngu5238/mod/codeql/xml/tools/index-files.sh, /home/cngu5238/COMP4617/COMP4617/codeql-database/lib-crypto-util/working/files-to-index7099566533653509772.list]
[2026-09-26 23:46:05] [build-stdout] [2026-09-26 23:46:05] [build-stdout] [2026-09-26 23:46:05] [XMLExtractor] Processed 4 files in 666 ms; produced 24074 bytes of compressed TRAP
[2026-09-26 23:46:05] [build-stdout] [2026-09-26 23:46:05] [build-stdout] 23:46:05.707 [main] INFO com.semmle.cli.SimpleExtractor.Stats -- Processed 4 files in 666 ms; produced 24074 bytes of compressed TRAP
[2026-09-26 23:46:08] [build-stderr] Scanning for files in /home/cngu5238/COMP4617/COMP4617/lib-crypto-util...
[2026-09-26 23:46:08] [build-stderr] /home/cngu5238/COMP4617/COMP4617/codeql-database/lib-crypto-util: Indexing files in in /home/cngu5238/COMP4617/COMP4617/lib-crypto-util...
[2026-09-26 23:46:08] [build-stderr] Running command in /home/cngu5238/COMP4617/COMP4617/lib-crypto-util: [/home/cngu5238/mod/codeql/properties/tools/index-files.sh, /home/cngu5238/COMP4617/COMP4617/codeql-database/lib-crypto-util/working/files-to-index425817036074119398.list]
[2026-09-26 23:46:09] [build-stdout] [2026-09-26 23:46:09] [build-stdout] [2026-09-26 23:46:09] [PropertiesExtractor] Processed 1 files in 255 ms; produced 0 bytes of compressed TRAP
[2026-09-26 23:46:10] Plumbing command codeql database trace-command completed.
[2026-09-26 23:46:10] [PROGRESS] database finalize> Pre-finalize script /home/cngu5238/mod/codeql/java/tools/pre-finalize.sh completed in 11041 ms.
[2026-09-26 23:46:10] [PROGRESS] database finalize> Running TRAP import for CodeQL database at /home/cngu5238/COMP4617/COMP4617/codeql-database/lib-crypto-util...
[2026-09-26 23:46:10] Running plumbing command: codeql dataset import --dbscheme=/home/cngu5238/mod/codeql/java/semmlecode.dbscheme -- /home/cngu5238/COMP4617/COMP4617/codeql-database/lib-crypto-util/db-java /home/cngu5238/COMP4617/COMP4617/codeql-database/lib-crypto-util/trap/java
[2026-09-26 23:46:10] Clearing disk cache since the version file /home/cngu5238/COMP4617/COMP4617/codeql-database/lib-crypto-util/db-java/default/cache/version does not exist
[2026-09-26 23:46:10] Tuple pool not found. Clearing relations with cached strings
[2026-09-26 23:46:10] Trimming disk cache at /home/cngu5238/COMP4617/COMP4617/codeql-database/lib-crypto-util/db-java/default/cache in mode clear.
[2026-09-26 23:46:10] Sequence stamp origin is -5864046106729565868
[2026-09-26 23:46:10] Pausing evaluation to hard-clear memory at sequence stamp o+0
[2026-09-26 23:46:10] Unpausing evaluation
[2026-09-26 23:46:10] Pausing evaluation to quickly trim disk at sequence stamp o+1
[2026-09-26 23:46:10] Unpausing evaluation
[2026-09-26 23:46:10] Pausing evaluation to zealously trim disk at sequence stamp o+2
[2026-09-26 23:46:10] Unpausing evaluation
[2026-09-26 23:46:10] Trimming completed (28ms): Purged everything.
[2026-09-26 23:46:10] Scanning for files in /home/cngu5238/COMP4617/COMP4617/codeql-database/lib-crypto-util/trap/java
[2026-09-26 23:46:11] Found 1074 TRAP files (2.94 MiB)
[2026-09-26 23:46:11] [PROGRESS] dataset import> Importing TRAP files
[2026-09-26 23:46:12] Importing NonNull.members#52.0-318171600000-java.trap.gz (1 of 1074)
[2026-09-26 23:46:12] Importing SuppressFBWarnings.members#52.0-318171600000-java.trap.gz (2 of 1074)
[2026-09-26 23:46:12] Importing SuppressMatchType.members#52.0-318171600000-java.trap.gz (3 of 1074)
[2026-09-26 23:46:13] Importing BufferedReader.members#65.0-1788502602000-java.trap.gz (4 of 1074)
[2026-09-26 23:46:13] Importing BufferedWriter.members#65.0-1788502602000-java.trap.gz (5 of 1074)
[2026-09-26 23:46:13] Importing ByteArrayInputStream.members#65.0-1788502602000-java.trap.gz (6 of 1074)
[2026-09-26 23:46:13] Importing ByteArrayOutputStream.members#65.0-1788502602000-java.trap.gz (7 of 1074)
[2026-09-26 23:46:13] Importing Closeable.members#65.0-1788502602000-java.trap.gz (8 of 1074)
[2026-09-26 23:46:13] Importing Console.members#65.0-1788502602000-java.trap.gz (9 of 1074)
[2026-09-26 23:46:13] Importing DataInput.members#65.0-1788502602000-java.trap.gz (10 of 1074)
[2026-09-26 23:46:13] Importing DataInputStream.members#65.0-1788502602000-java.trap.gz (11 of 1074)
[2026-09-26 23:46:13] Importing DataOutput.members#65.0-1788502602000-java.trap.gz (12 of 1074)
[2026-09-26 23:46:13] Importing DataOutputStream.members#65.0-1788502602000-java.trap.gz (13 of 1074)
[2026-09-26 23:46:13] Importing File.members#65.0-1788502602000-java.trap.gz (14 of 1074)
[2026-09-26 23:46:13] Importing FileDescriptor.members#65.0-1788502602000-java.trap.gz (15 of 1074)
[2026-09-26 23:46:13] Importing FileFilter.members#65.0-1788502602000-java.trap.gz (16 of 1074)
[2026-09-26 23:46:13] Importing FileNotFoundException.members#65.0-1788502602000-java.trap.gz (17 of 1074)
[2026-09-26 23:46:13] Importing FilenameFilter.members#65.0-1788502602000-java.trap.gz (18 of 1074)
[2026-09-26 23:46:13] Importing FilterInputStream.members#65.0-1788502602000-java.trap.gz (19 of 1074)
[2026-09-26 23:46:13] Importing FilterOutputStream.members#65.0-1788502602000-java.trap.gz (20 of 1074)
[2026-09-26 23:46:13] Importing Flushable.members#65.0-1788502602000-java.trap.gz (21 of 1074)
[2026-09-26 23:46:13] Importing IOException.members#65.0-1788502602000-java.trap.gz (22 of 1074)
[2026-09-26 23:46:13] Importing InputStream.members#65.0-1788502602000-java.trap.gz (23 of 1074)
[2026-09-26 23:46:13] Importing InvalidClassException.members#65.0-1788502602000-java.trap.gz (24 of 1074)
[2026-09-26 23:46:13] Importing InvalidObjectException.members#65.0-1788502602000-java.trap.gz (25 of 1074)
[2026-09-26 23:46:13] Importing NotActiveException.members#65.0-1788502602000-java.trap.gz (26 of 1074)
[2026-09-26 23:46:13] Importing ObjectInput.members#65.0-1788502602000-java.trap.gz (27 of 1074)
[2026-09-26 23:46:13] Importing ObjectInputFilter$FilterInfo.members#65.0-1788502602000-java.trap.gz (28 of 1074)
[2026-09-26 23:46:13] Importing ObjectInputFilter$Status.members#65.0-1788502602000-java.trap.gz (29 of 1074)
[2026-09-26 23:46:13] Importing ObjectInputFilter.members#65.0-1788502602000-java.trap.gz (30 of 1074)
[2026-09-26 23:46:13] Importing ObjectInputStream$GetField.members#65.0-1788502602000-java.trap.gz (31 of 1074)
[2026-09-26 23:46:13] Importing ObjectInputStream.members#65.0-1788502602000-java.trap.gz (32 of 1074)
[2026-09-26 23:46:13] Importing ObjectInputValidation.members#65.0-1788502602000-java.trap.gz (33 of 1074)
[2026-09-26 23:46:13] Importing ObjectOutput.members#65.0-1788502602000-java.trap.gz (34 of 1074)
[2026-09-26 23:46:13] Importing ObjectOutputStream$PutField.members#65.0-1788502602000-java.trap.gz (35 of 1074)
[2026-09-26 23:46:13] Importing ObjectOutputStream.members#65.0-1788502602000-java.trap.gz (36 of 1074)
[2026-09-26 23:46:13] Importing ObjectStreamClass$ClassDataSlot.members#65.0-1788502602000-java.trap.gz (37 of 1074)
[2026-09-26 23:46:13] Importing ObjectStreamClass.members#65.0-1788502602000-java.trap.gz (38 of 1074)
[2026-09-26 23:46:13] Importing ObjectStreamConstants.members#65.0-1788502602000-java.trap.gz (39 of 1074)
[2026-09-26 23:46:13] Importing ObjectStreamException.members#65.0-1788502602000-java.trap.gz (40 of 1074)
[2026-09-26 23:46:13] Importing ObjectStreamField.members#65.0-1788502602000-java.trap.gz (41 of 1074)
[2026-09-26 23:46:13] Importing OptionalDataException.members#65.0-1788502602000-java.trap.gz (42 of 1074)
[2026-09-26 23:46:13] Importing OutputStream.members#65.0-1788502602000-java.trap.gz (43 of 1074)
[2026-09-26 23:46:13] Importing PrintStream.members#65.0-1788502602000-java.trap.gz (44 of 1074)
[2026-09-26 23:46:13] Importing PrintWriter.members#65.0-1788502602000-java.trap.gz (45 of 1074)
[2026-09-26 23:46:13] Importing ProxyingConsole.members#65.0-1788502602000-java.trap.gz (46 of 1074)
[2026-09-26 23:46:13] Importing Reader.members#65.0-1788502602000-java.trap.gz (47 of 1074)
[2026-09-26 23:46:13] Importing Serializable.members#65.0-1788502602000-java.trap.gz (48 of 1074)
[2026-09-26 23:46:13] Importing SerializablePermission.members#65.0-1788502602000-java.trap.gz (49 of 1074)
[2026-09-26 23:46:13] Importing StreamCorruptedException.members#65.0-1788502602000-java.trap.gz (50 of 1074)
[2026-09-26 23:46:13] Importing SyncFailedException.members#65.0-1788502602000-java.trap.gz (51 of 1074)
[2026-09-26 23:46:13] Importing UnsupportedEncodingException.members#65.0-1788502602000-java.trap.gz (52 of 1074)
[2026-09-26 23:46:13] Importing Writer.members#65.0-1788502602000-java.trap.gz (53 of 1074)
[2026-09-26 23:46:13] Importing AbstractStringBuilder.members#65.0-1788502602000-java.trap.gz (54 of 1074)
[2026-09-26 23:46:13] Importing Appendable.members#65.0-1788502602000-java.trap.gz (55 of 1074)
[2026-09-26 23:46:13] Importing ArrayIndexOutOfBoundsException.members#65.0-1788502602000-java.trap.gz (56 of 1074)
[2026-09-26 23:46:13] Importing AssertionError.members#65.0-1788502602000-java.trap.gz (57 of 1074)
[2026-09-26 23:46:13] Importing AutoCloseable.members#65.0-1788502602000-java.trap.gz (58 of 1074)
[2026-09-26 23:46:13] Importing Boolean.members#65.0-1788502602000-java.trap.gz (59 of 1074)
[2026-09-26 23:46:13] Importing Byte.members#65.0-1788502602000-java.trap.gz (60 of 1074)
[2026-09-26 23:46:13] Importing CharSequence.members#65.0-1788502602000-java.trap.gz (61 of 1074)
[2026-09-26 23:46:13] Importing Character.members#65.0-1788502602000-java.trap.gz (62 of 1074)
[2026-09-26 23:46:13] Importing Class.members#65.0-1788502602000-java.trap.gz (63 of 1074)
[2026-09-26 23:46:13] Importing ClassFormatError.members#65.0-1788502602000-java.trap.gz (64 of 1074)
[2026-09-26 23:46:13] Importing ClassLoader.members#65.0-1788502602000-java.trap.gz (65 of 1074)
[2026-09-26 23:46:13] Importing ClassNotFoundException.members#65.0-1788502602000-java.trap.gz (66 of 1074)
[2026-09-26 23:46:13] Importing ClassValue$ClassValueMap.members#65.0-1788502602000-java.trap.gz (67 of 1074)
[2026-09-26 23:46:13] Importing ClassValue$Entry.members#65.0-1788502602000-java.trap.gz (68 of 1074)
[2026-09-26 23:46:13] Importing ClassValue$Identity.members#65.0-1788502602000-java.trap.gz (69 of 1074)
[2026-09-26 23:46:13] Importing ClassValue$Version.members#65.0-1788502602000-java.trap.gz (70 of 1074)
[2026-09-26 23:46:13] Importing ClassValue.members#65.0-1788502602000-java.trap.gz (71 of 1074)
[2026-09-26 23:46:13] Importing CloneNotSupportedException.members#65.0-1788502602000-java.trap.gz (72 of 1074)
[2026-09-26 23:46:13] Importing Cloneable.members#65.0-1788502602000-java.trap.gz (73 of 1074)
[2026-09-26 23:46:13] Importing Comparable.members#65.0-1788502602000-java.trap.gz (74 of 1074)
[2026-09-26 23:46:13] Importing Deprecated.members#65.0-1788502602000-java.trap.gz (75 of 1074)
[2026-09-26 23:46:13] Importing Double.members#65.0-1788502602000-java.trap.gz (76 of 1074)
[2026-09-26 23:46:13] Importing Enum$EnumDesc.members#65.0-1788502602000-java.trap.gz (77 of 1074)
[2026-09-26 23:46:13] Importing Enum.members#65.0-1788502602000-java.trap.gz (78 of 1074)
[2026-09-26 23:46:13] Importing Error.members#65.0-1788502602000-java.trap.gz (79 of 1074)
[2026-09-26 23:46:13] Importing Exception.members#65.0-1788502602000-java.trap.gz (80 of 1074)
[2026-09-26 23:46:13] Importing Float.members#65.0-1788502602000-java.trap.gz (81 of 1074)
[2026-09-26 23:46:13] Importing FunctionalInterface.members#65.0-1788502602000-java.trap.gz (82 of 1074)
[2026-09-26 23:46:13] Importing IllegalAccessException.members#65.0-1788502602000-java.trap.gz (83 of 1074)
[2026-09-26 23:46:13] Importing IllegalArgumentException.members#65.0-1788502602000-java.trap.gz (84 of 1074)
[2026-09-26 23:46:13] Importing IllegalStateException.members#65.0-1788502602000-java.trap.gz (85 of 1074)
[2026-09-26 23:46:13] Importing IndexOutOfBoundsException.members#65.0-1788502602000-java.trap.gz (86 of 1074)
[2026-09-26 23:46:13] Importing InstantiationException.members#65.0-1788502602000-java.trap.gz (87 of 1074)
[2026-09-26 23:46:13] Importing Integer.members#65.0-1788502602000-java.trap.gz (88 of 1074)
[2026-09-26 23:46:13] Importing InternalError.members#65.0-1788502602000-java.trap.gz (89 of 1074)
[2026-09-26 23:46:13] Importing InterruptedException.members#65.0-1788502602000-java.trap.gz (90 of 1074)
[2026-09-26 23:46:13] Importing Iterable.members#65.0-1788502602000-java.trap.gz (91 of 1074)
[2026-09-26 23:46:13] Importing LinkageError.members#65.0-1788502602000-java.trap.gz (92 of 1074)
[2026-09-26 23:46:13] Importing Long.members#65.0-1788502602000-java.trap.gz (93 of 1074)
[2026-09-26 23:46:13] Importing Module.members#65.0-1788502602000-java.trap.gz (94 of 1074)
[2026-09-26 23:46:13] Importing ModuleLayer$Controller.members#65.0-1788502602000-java.trap.gz (95 of 1074)
[2026-09-26 23:46:13] Importing ModuleLayer.members#65.0-1788502602000-java.trap.gz (96 of 1074)
[2026-09-26 23:46:13] Importing NamedPackage.members#65.0-1788502602000-java.trap.gz (97 of 1074)
[2026-09-26 23:46:13] Importing NoSuchFieldException.members#65.0-1788502602000-java.trap.gz (98 of 1074)
[2026-09-26 23:46:13] Importing NoSuchMethodException.members#65.0-1788502602000-java.trap.gz (99 of 1074)
[2026-09-26 23:46:13] Importing Number.members#65.0-1788502602000-java.trap.gz (100 of 1074)
[2026-09-26 23:46:13] Importing NumberFormatException.members#65.0-1788502602000-java.trap.gz (101 of 1074)
[2026-09-26 23:46:13] Importing Object.members#65.0-1788502602000-java.trap.gz (102 of 1074)
[2026-09-26 23:46:13] Importing Override.members#65.0-1788502602000-java.trap.gz (103 of 1074)
[2026-09-26 23:46:13] Importing Package.members#65.0-1788502602000-java.trap.gz (104 of 1074)
[2026-09-26 23:46:13] Importing Process.members#65.0-1788502602000-java.trap.gz (105 of 1074)
[2026-09-26 23:46:13] Importing ProcessHandle$Info.members#65.0-1788502602000-java.trap.gz (106 of 1074)
[2026-09-26 23:46:13] Importing ProcessHandle.members#65.0-1788502602000-java.trap.gz (107 of 1074)
[2026-09-26 23:46:13] Importing Readable.members#65.0-1788502602000-java.trap.gz (108 of 1074)
[2026-09-26 23:46:13] Importing Record.members#65.0-1788502602000-java.trap.gz (109 of 1074)
[2026-09-26 23:46:13] Importing ReflectiveOperationException.members#65.0-1788502602000-java.trap.gz (110 of 1074)
[2026-09-26 23:46:13] Importing Runnable.members#65.0-1788502602000-java.trap.gz (111 of 1074)
[2026-09-26 23:46:13] Importing Runtime$Version.members#65.0-1788502602000-java.trap.gz (112 of 1074)
[2026-09-26 23:46:13] Importing Runtime.members#65.0-1788502602000-java.trap.gz (113 of 1074)
[2026-09-26 23:46:13] Importing RuntimeException.members#65.0-1788502602000-java.trap.gz (114 of 1074)
[2026-09-26 23:46:13] Importing RuntimePermission.members#65.0-1788502602000-java.trap.gz (115 of 1074)
[2026-09-26 23:46:13] Importing SafeVarargs.members#65.0-1788502602000-java.trap.gz (116 of 1074)
[2026-09-26 23:46:13] Importing SecurityException.members#65.0-1788502602000-java.trap.gz (117 of 1074)
[2026-09-26 23:46:13] Importing SecurityManager.members#65.0-1788502602000-java.trap.gz (118 of 1074)
[2026-09-26 23:46:13] Importing Short.members#65.0-1788502602000-java.trap.gz (119 of 1074)
[2026-09-26 23:46:13] Importing StackFrameInfo.members#65.0-1788502602000-java.trap.gz (120 of 1074)
[2026-09-26 23:46:13] Importing StackTraceElement.members#65.0-1788502602000-java.trap.gz (121 of 1074)
[2026-09-26 23:46:13] Importing StackWalker$ExtendedOption.members#65.0-1788502602000-java.trap.gz (122 of 1074)
[2026-09-26 23:46:13] Importing StackWalker$Option.members#65.0-1788502602000-java.trap.gz (123 of 1074)
[2026-09-26 23:46:13] Importing StackWalker$StackFrame.members#65.0-1788502602000-java.trap.gz (124 of 1074)
[2026-09-26 23:46:13] Importing StackWalker.members#65.0-1788502602000-java.trap.gz (125 of 1074)
[2026-09-26 23:46:13] Importing String.members#65.0-1788502602000-java.trap.gz (126 of 1074)
[2026-09-26 23:46:13] Importing StringBuffer.members#65.0-1788502602000-java.trap.gz (127 of 1074)
[2026-09-26 23:46:13] Importing StringBuilder.members#65.0-1788502602000-java.trap.gz (128 of 1074)
[2026-09-26 23:46:13] Importing System$Logger$Level.members#65.0-1788502602000-java.trap.gz (129 of 1074)
[2026-09-26 23:46:13] Importing System$Logger.members#65.0-1788502602000-java.trap.gz (130 of 1074)
[2026-09-26 23:46:13] Importing System.members#65.0-1788502602000-java.trap.gz (131 of 1074)
[2026-09-26 23:46:13] Importing Thread$Builder$OfPlatform.members#65.0-1788502602000-java.trap.gz (132 of 1074)
[2026-09-26 23:46:13] Importing Thread$Builder$OfVirtual.members#65.0-1788502602000-java.trap.gz (133 of 1074)
[2026-09-26 23:46:13] Importing Thread$Builder.members#65.0-1788502602000-java.trap.gz (134 of 1074)
[2026-09-26 23:46:13] Importing Thread$State.members#65.0-1788502602000-java.trap.gz (135 of 1074)
[2026-09-26 23:46:13] Importing Thread$UncaughtExceptionHandler.members#65.0-1788502602000-java.trap.gz (136 of 1074)
[2026-09-26 23:46:13] Importing Thread.members#65.0-1788502602000-java.trap.gz (137 of 1074)
[2026-09-26 23:46:13] Importing ThreadBuilders$BaseThreadBuilder.members#65.0-1788502602000-java.trap.gz (138 of 1074)
[2026-09-26 23:46:13] Importing ThreadBuilders$PlatformThreadBuilder.members#65.0-1788502602000-java.trap.gz (139 of 1074)
[2026-09-26 23:46:13] Importing ThreadBuilders$VirtualThreadBuilder.members#65.0-1788502602000-java.trap.gz (140 of 1074)
[2026-09-26 23:46:13] Importing ThreadBuilders.members#65.0-1788502602000-java.trap.gz (141 of 1074)
[2026-09-26 23:46:13] Importing ThreadGroup.members#65.0-1788502602000-java.trap.gz (142 of 1074)
[2026-09-26 23:46:13] Importing ThreadLocal$ThreadLocalMap.members#65.0-1788502602000-java.trap.gz (143 of 1074)
[2026-09-26 23:46:13] Importing ThreadLocal.members#65.0-1788502602000-java.trap.gz (144 of 1074)
[2026-09-26 23:46:13] Importing Throwable.members#65.0-1788502602000-java.trap.gz (145 of 1074)
[2026-09-26 23:46:13] Importing TypeNotPresentException.members#65.0-1788502602000-java.trap.gz (146 of 1074)
[2026-09-26 23:46:13] Importing UnsupportedOperationException.members#65.0-1788502602000-java.trap.gz (147 of 1074)
[2026-09-26 23:46:13] Importing VirtualMachineError.members#65.0-1788502602000-java.trap.gz (148 of 1074)
[2026-09-26 23:46:13] Importing Void.members#65.0-1788502602000-java.trap.gz (149 of 1074)
[2026-09-26 23:46:13] Importing WrongThreadException.members#65.0-1788502602000-java.trap.gz (150 of 1074)
[2026-09-26 23:46:13] Importing Annotation.members#65.0-1788502602000-java.trap.gz (151 of 1074)
[2026-09-26 23:46:13] Importing Documented.members#65.0-1788502602000-java.trap.gz (152 of 1074)
[2026-09-26 23:46:13] Importing ElementType.members#65.0-1788502602000-java.trap.gz (153 of 1074)
[2026-09-26 23:46:13] Importing Inherited.members#65.0-1788502602000-java.trap.gz (154 of 1074)
[2026-09-26 23:46:13] Importing Retention.members#65.0-1788502602000-java.trap.gz (155 of 1074)
[2026-09-26 23:46:13] Importing RetentionPolicy.members#65.0-1788502602000-java.trap.gz (156 of 1074)
[2026-09-26 23:46:14] Importing Target.members#65.0-1788502602000-java.trap.gz (157 of 1074)
[2026-09-26 23:46:14] Importing AsTypeMethodHandleDesc.members#65.0-1788502602000-java.trap.gz (158 of 1074)
[2026-09-26 23:46:14] Importing ClassDesc.members#65.0-1788502602000-java.trap.gz (159 of 1074)
[2026-09-26 23:46:14] Importing Constable.members#65.0-1788502602000-java.trap.gz (160 of 1074)
[2026-09-26 23:46:14] Importing ConstantDesc.members#65.0-1788502602000-java.trap.gz (161 of 1074)
[2026-09-26 23:46:14] Importing DirectMethodHandleDesc$Kind.members#65.0-1788502602000-java.trap.gz (162 of 1074)
[2026-09-26 23:46:14] Importing DirectMethodHandleDesc.members#65.0-1788502602000-java.trap.gz (163 of 1074)
[2026-09-26 23:46:14] Importing DirectMethodHandleDescImpl.members#65.0-1788502602000-java.trap.gz (164 of 1074)
[2026-09-26 23:46:14] Importing DynamicConstantDesc.members#65.0-1788502602000-java.trap.gz (165 of 1074)
[2026-09-26 23:46:14] Importing MethodHandleDesc.members#65.0-1788502602000-java.trap.gz (166 of 1074)
[2026-09-26 23:46:14] Importing MethodTypeDesc.members#65.0-1788502602000-java.trap.gz (167 of 1074)
[2026-09-26 23:46:14] Importing MethodTypeDescImpl.members#65.0-1788502602000-java.trap.gz (168 of 1074)
[2026-09-26 23:46:14] Importing PrimitiveClassDescImpl.members#65.0-1788502602000-java.trap.gz (169 of 1074)
[2026-09-26 23:46:14] Importing ReferenceClassDescImpl.members#65.0-1788502602000-java.trap.gz (170 of 1074)
[2026-09-26 23:46:14] Importing AddressLayout.members#65.0-1788502602000-java.trap.gz (171 of 1074)
[2026-09-26 23:46:14] Importing Arena.members#65.0-1788502602000-java.trap.gz (172 of 1074)
[2026-09-26 23:46:14] Importing GroupLayout.members#65.0-1788502602000-java.trap.gz (173 of 1074)
[2026-09-26 23:46:14] Importing MemoryLayout$PathElement.members#65.0-1788502602000-java.trap.gz (174 of 1074)
[2026-09-26 23:46:14] Importing MemoryLayout.members#65.0-1788502602000-java.trap.gz (175 of 1074)
[2026-09-26 23:46:14] Importing MemorySegment$Scope.members#65.0-1788502602000-java.trap.gz (176 of 1074)
[2026-09-26 23:46:14] Importing MemorySegment.members#65.0-1788502602000-java.trap.gz (177 of 1074)
[2026-09-26 23:46:14] Importing PaddingLayout.members#65.0-1788502602000-java.trap.gz (178 of 1074)
[2026-09-26 23:46:14] Importing SegmentAllocator.members#65.0-1788502602000-java.trap.gz (179 of 1074)
[2026-09-26 23:46:14] Importing SequenceLayout.members#65.0-1788502602000-java.trap.gz (180 of 1074)
[2026-09-26 23:46:14] Importing StructLayout.members#65.0-1788502602000-java.trap.gz (181 of 1074)
[2026-09-26 23:46:14] Importing UnionLayout.members#65.0-1788502602000-java.trap.gz (182 of 1074)
[2026-09-26 23:46:14] Importing ValueLayout$OfBoolean.members#65.0-1788502602000-java.trap.gz (183 of 1074)
[2026-09-26 23:46:14] Importing ValueLayout$OfByte.members#65.0-1788502602000-java.trap.gz (184 of 1074)
[2026-09-26 23:46:14] Importing ValueLayout$OfChar.members#65.0-1788502602000-java.trap.gz (185 of 1074)
[2026-09-26 23:46:14] Importing ValueLayout$OfDouble.members#65.0-1788502602000-java.trap.gz (186 of 1074)
[2026-09-26 23:46:14] Importing ValueLayout$OfFloat.members#65.0-1788502602000-java.trap.gz (187 of 1074)
[2026-09-26 23:46:14] Importing ValueLayout$OfInt.members#65.0-1788502602000-java.trap.gz (188 of 1074)
[2026-09-26 23:46:14] Importing ValueLayout$OfLong.members#65.0-1788502602000-java.trap.gz (189 of 1074)
[2026-09-26 23:46:14] Importing ValueLayout$OfShort.members#65.0-1788502602000-java.trap.gz (190 of 1074)
[2026-09-26 23:46:14] Importing ValueLayout.members#65.0-1788502602000-java.trap.gz (191 of 1074)
[2026-09-26 23:46:14] Importing BoundMethodHandle$Specializer$Factory.members#65.0-1788502602000-java.trap.gz (192 of 1074)
[2026-09-26 23:46:14] Importing BoundMethodHandle$Specializer.members#65.0-1788502602000-java.trap.gz (193 of 1074)
[2026-09-26 23:46:14] Importing BoundMethodHandle$SpeciesData.members#65.0-1788502602000-java.trap.gz (194 of 1074)
[2026-09-26 23:46:14] Importing BoundMethodHandle.members#65.0-1788502602000-java.trap.gz (195 of 1074)
[2026-09-26 23:46:14] Importing CallSite.members#65.0-1788502602000-java.trap.gz (196 of 1074)
[2026-09-26 23:46:14] Importing ClassSpecializer$Factory.members#65.0-1788502602000-java.trap.gz (197 of 1074)
[2026-09-26 23:46:14] Importing ClassSpecializer$SpeciesData.members#65.0-1788502602000-java.trap.gz (198 of 1074)
[2026-09-26 23:46:14] Importing ClassSpecializer.members#65.0-1788502602000-java.trap.gz (199 of 1074)
[2026-09-26 23:46:14] Importing ConstantCallSite.members#65.0-1788502602000-java.trap.gz (200 of 1074)
[2026-09-26 23:46:14] Importing DelegatingMethodHandle.members#65.0-1788502602000-java.trap.gz (201 of 1074)
[2026-09-26 23:46:14] Importing DirectMethodHandle$Accessor.members#65.0-1788502602000-java.trap.gz (202 of 1074)
[2026-09-26 23:46:14] Importing DirectMethodHandle$Constructor.members#65.0-1788502602000-java.trap.gz (203 of 1074)
[2026-09-26 23:46:14] Importing DirectMethodHandle$Interface.members#65.0-1788502602000-java.trap.gz (204 of 1074)
[2026-09-26 23:46:14] Importing DirectMethodHandle$Special.members#65.0-1788502602000-java.trap.gz (205 of 1074)
[2026-09-26 23:46:14] Importing DirectMethodHandle$StaticAccessor.members#65.0-1788502602000-java.trap.gz (206 of 1074)
[2026-09-26 23:46:14] Importing DirectMethodHandle.members#65.0-1788502602000-java.trap.gz (207 of 1074)
[2026-09-26 23:46:14] Importing IndirectVarHandle.members#65.0-1788502602000-java.trap.gz (208 of 1074)
[2026-09-26 23:46:14] Importing Invokers.members#65.0-1788502602000-java.trap.gz (209 of 1074)
[2026-09-26 23:46:14] Importing LambdaForm$BasicType.members#65.0-1788502602000-java.trap.gz (210 of 1074)
[2026-09-26 23:46:14] Importing LambdaForm$Kind.members#65.0-1788502602000-java.trap.gz (211 of 1074)
[2026-09-26 23:46:14] Importing LambdaForm$Name.members#65.0-1788502602000-java.trap.gz (212 of 1074)
[2026-09-26 23:46:14] Importing LambdaForm$NamedFunction.members#65.0-1788502602000-java.trap.gz (213 of 1074)
[2026-09-26 23:46:14] Importing LambdaForm.members#65.0-1788502602000-java.trap.gz (214 of 1074)
[2026-09-26 23:46:14] Importing LambdaFormEditor.members#65.0-1788502602000-java.trap.gz (215 of 1074)
[2026-09-26 23:46:14] Importing MemberName$Factory.members#65.0-1788502602000-java.trap.gz (216 of 1074)
[2026-09-26 23:46:14] Importing MemberName.members#65.0-1788502602000-java.trap.gz (217 of 1074)
[2026-09-26 23:46:14] Importing MethodHandle$PolymorphicSignature.members#65.0-1788502602000-java.trap.gz (218 of 1074)
[2026-09-26 23:46:14] Importing MethodHandle.members#65.0-1788502602000-java.trap.gz (219 of 1074)
[2026-09-26 23:46:14] Importing MethodHandleImpl$ArrayAccess.members#65.0-1788502602000-java.trap.gz (220 of 1074)
[2026-09-26 23:46:14] Importing MethodHandleImpl$AsVarargsCollector.members#65.0-1788502602000-java.trap.gz (221 of 1074)
[2026-09-26 23:46:14] Importing MethodHandleImpl$CasesHolder.members#65.0-1788502602000-java.trap.gz (222 of 1074)
[2026-09-26 23:46:14] Importing MethodHandleImpl$CountingWrapper.members#65.0-1788502602000-java.trap.gz (223 of 1074)
[2026-09-26 23:46:14] Importing MethodHandleImpl$Intrinsic.members#65.0-1788502602000-java.trap.gz (224 of 1074)
[2026-09-26 23:46:14] Importing MethodHandleImpl$IntrinsicMethodHandle.members#65.0-1788502602000-java.trap.gz (225 of 1074)
[2026-09-26 23:46:14] Importing MethodHandleImpl$LoopClauses.members#65.0-1788502602000-java.trap.gz (226 of 1074)
[2026-09-26 23:46:14] Importing MethodHandleImpl$WrappedMember.members#65.0-1788502602000-java.trap.gz (227 of 1074)
[2026-09-26 23:46:14] Importing MethodHandleImpl.members#65.0-1788502602000-java.trap.gz (228 of 1074)
[2026-09-26 23:46:14] Importing MethodHandleInfo.members#65.0-1788502602000-java.trap.gz (229 of 1074)
[2026-09-26 23:46:14] Importing MethodHandles$Lookup$ClassDefiner.members#65.0-1788502602000-java.trap.gz (230 of 1074)
[2026-09-26 23:46:14] Importing MethodHandles$Lookup$ClassOption.members#65.0-1788502602000-java.trap.gz (231 of 1074)
[2026-09-26 23:46:14] Importing MethodHandles$Lookup.members#65.0-1788502602000-java.trap.gz (232 of 1074)
[2026-09-26 23:46:14] Importing MethodHandles.members#65.0-1788502602000-java.trap.gz (233 of 1074)
[2026-09-26 23:46:14] Importing MethodType.members#65.0-1788502602000-java.trap.gz (234 of 1074)
[2026-09-26 23:46:14] Importing MethodTypeForm.members#65.0-1788502602000-java.trap.gz (235 of 1074)
[2026-09-26 23:46:14] Importing MutableCallSite.members#65.0-1788502602000-java.trap.gz (236 of 1074)
[2026-09-26 23:46:14] Importing NativeMethodHandle.members#65.0-1788502602000-java.trap.gz (237 of 1074)
[2026-09-26 23:46:14] Importing TypeDescriptor$OfField.members#65.0-1788502602000-java.trap.gz (238 of 1074)
[2026-09-26 23:46:14] Importing TypeDescriptor$OfMethod.members#65.0-1788502602000-java.trap.gz (239 of 1074)
[2026-09-26 23:46:14] Importing TypeDescriptor.members#65.0-1788502602000-java.trap.gz (240 of 1074)
[2026-09-26 23:46:14] Importing VarForm.members#65.0-1788502602000-java.trap.gz (241 of 1074)
[2026-09-26 23:46:14] Importing VarHandle$AccessDescriptor.members#65.0-1788502602000-java.trap.gz (242 of 1074)
[2026-09-26 23:46:14] Importing VarHandle$AccessMode.members#65.0-1788502602000-java.trap.gz (243 of 1074)
[2026-09-26 23:46:14] Importing VarHandle$AccessType.members#65.0-1788502602000-java.trap.gz (244 of 1074)
[2026-09-26 23:46:14] Importing VarHandle$VarHandleDesc.members#65.0-1788502602000-java.trap.gz (245 of 1074)
[2026-09-26 23:46:14] Importing VarHandle.members#65.0-1788502602000-java.trap.gz (246 of 1074)
[2026-09-26 23:46:14] Importing VarHandleBooleans$Array.members#65.0-1788502602000-java.trap.gz (247 of 1074)
[2026-09-26 23:46:14] Importing VarHandleBooleans$FieldInstanceReadOnly.members#65.0-1788502602000-java.trap.gz (248 of 1074)
[2026-09-26 23:46:14] Importing VarHandleBooleans$FieldInstanceReadWrite.members#65.0-1788502602000-java.trap.gz (249 of 1074)
[2026-09-26 23:46:14] Importing VarHandleBooleans$FieldStaticReadOnly.members#65.0-1788502602000-java.trap.gz (250 of 1074)
[2026-09-26 23:46:14] Importing VarHandleBooleans$FieldStaticReadWrite.members#65.0-1788502602000-java.trap.gz (251 of 1074)
[2026-09-26 23:46:14] Importing VarHandleBooleans.members#65.0-1788502602000-java.trap.gz (252 of 1074)
[2026-09-26 23:46:14] Importing VarHandleByteArrayAsChars$ArrayHandle.members#65.0-1788502602000-java.trap.gz (253 of 1074)
[2026-09-26 23:46:14] Importing VarHandleByteArrayAsChars$ByteArrayViewVarHandle.members#65.0-1788502602000-java.trap.gz (254 of 1074)
[2026-09-26 23:46:14] Importing VarHandleByteArrayAsChars$ByteBufferHandle.members#65.0-1788502602000-java.trap.gz (255 of 1074)
[2026-09-26 23:46:14] Importing VarHandleByteArrayAsChars.members#65.0-1788502602000-java.trap.gz (256 of 1074)
[2026-09-26 23:46:14] Importing VarHandleByteArrayAsDoubles$ArrayHandle.members#65.0-1788502602000-java.trap.gz (257 of 1074)
[2026-09-26 23:46:14] Importing VarHandleByteArrayAsDoubles$ByteArrayViewVarHandle.members#65.0-1788502602000-java.trap.gz (258 of 1074)
[2026-09-26 23:46:14] Importing VarHandleByteArrayAsDoubles$ByteBufferHandle.members#65.0-1788502602000-java.trap.gz (259 of 1074)
[2026-09-26 23:46:14] Importing VarHandleByteArrayAsDoubles.members#65.0-1788502602000-java.trap.gz (260 of 1074)
[2026-09-26 23:46:14] Importing VarHandleByteArrayAsFloats$ArrayHandle.members#65.0-1788502602000-java.trap.gz (261 of 1074)
[2026-09-26 23:46:14] Importing VarHandleByteArrayAsFloats$ByteArrayViewVarHandle.members#65.0-1788502602000-java.trap.gz (262 of 1074)
[2026-09-26 23:46:14] Importing VarHandleByteArrayAsFloats$ByteBufferHandle.members#65.0-1788502602000-java.trap.gz (263 of 1074)
[2026-09-26 23:46:14] Importing VarHandleByteArrayAsFloats.members#65.0-1788502602000-java.trap.gz (264 of 1074)
[2026-09-26 23:46:14] Importing VarHandleByteArrayAsInts$ArrayHandle.members#65.0-1788502602000-java.trap.gz (265 of 1074)
[2026-09-26 23:46:14] Importing VarHandleByteArrayAsInts$ByteArrayViewVarHandle.members#65.0-1788502602000-java.trap.gz (266 of 1074)
[2026-09-26 23:46:14] Importing VarHandleByteArrayAsInts$ByteBufferHandle.members#65.0-1788502602000-java.trap.gz (267 of 1074)
[2026-09-26 23:46:14] Importing VarHandleByteArrayAsInts.members#65.0-1788502602000-java.trap.gz (268 of 1074)
[2026-09-26 23:46:14] Importing VarHandleByteArrayAsLongs$ArrayHandle.members#65.0-1788502602000-java.trap.gz (269 of 1074)
[2026-09-26 23:46:14] Importing VarHandleByteArrayAsLongs$ByteArrayViewVarHandle.members#65.0-1788502602000-java.trap.gz (270 of 1074)
[2026-09-26 23:46:14] Importing VarHandleByteArrayAsLongs$ByteBufferHandle.members#65.0-1788502602000-java.trap.gz (271 of 1074)
[2026-09-26 23:46:14] Importing VarHandleByteArrayAsLongs.members#65.0-1788502602000-java.trap.gz (272 of 1074)
[2026-09-26 23:46:14] Importing VarHandleByteArrayAsShorts$ArrayHandle.members#65.0-1788502602000-java.trap.gz (273 of 1074)
[2026-09-26 23:46:14] Importing VarHandleByteArrayAsShorts$ByteArrayViewVarHandle.members#65.0-1788502602000-java.trap.gz (274 of 1074)
[2026-09-26 23:46:14] Importing VarHandleByteArrayAsShorts$ByteBufferHandle.members#65.0-1788502602000-java.trap.gz (275 of 1074)
[2026-09-26 23:46:14] Importing VarHandleByteArrayAsShorts.members#65.0-1788502602000-java.trap.gz (276 of 1074)
[2026-09-26 23:46:14] Importing VarHandleByteArrayBase.members#65.0-1788502602000-java.trap.gz (277 of 1074)
[2026-09-26 23:46:14] Importing VarHandleBytes$Array.members#65.0-1788502602000-java.trap.gz (278 of 1074)
[2026-09-26 23:46:14] Importing VarHandleBytes$FieldInstanceReadOnly.members#65.0-1788502602000-java.trap.gz (279 of 1074)
[2026-09-26 23:46:14] Importing VarHandleBytes$FieldInstanceReadWrite.members#65.0-1788502602000-java.trap.gz (280 of 1074)
[2026-09-26 23:46:14] Importing VarHandleBytes$FieldStaticReadOnly.members#65.0-1788502602000-java.trap.gz (281 of 1074)
[2026-09-26 23:46:14] Importing VarHandleBytes$FieldStaticReadWrite.members#65.0-1788502602000-java.trap.gz (282 of 1074)
[2026-09-26 23:46:14] Importing VarHandleBytes.members#65.0-1788502602000-java.trap.gz (283 of 1074)
[2026-09-26 23:46:14] Importing VarHandleChars$Array.members#65.0-1788502602000-java.trap.gz (284 of 1074)
[2026-09-26 23:46:14] Importing VarHandleChars$FieldInstanceReadOnly.members#65.0-1788502602000-java.trap.gz (285 of 1074)
[2026-09-26 23:46:14] Importing VarHandleChars$FieldInstanceReadWrite.members#65.0-1788502602000-java.trap.gz (286 of 1074)
[2026-09-26 23:46:14] Importing VarHandleChars$FieldStaticReadOnly.members#65.0-1788502602000-java.trap.gz (287 of 1074)
[2026-09-26 23:46:14] Importing VarHandleChars$FieldStaticReadWrite.members#65.0-1788502602000-java.trap.gz (288 of 1074)
[2026-09-26 23:46:14] Importing VarHandleChars.members#65.0-1788502602000-java.trap.gz (289 of 1074)
[2026-09-26 23:46:14] Importing VarHandleDoubles$Array.members#65.0-1788502602000-java.trap.gz (290 of 1074)
[2026-09-26 23:46:14] Importing VarHandleDoubles$FieldInstanceReadOnly.members#65.0-1788502602000-java.trap.gz (291 of 1074)
[2026-09-26 23:46:14] Importing VarHandleDoubles$FieldInstanceReadWrite.members#65.0-1788502602000-java.trap.gz (292 of 1074)
[2026-09-26 23:46:14] Importing VarHandleDoubles$FieldStaticReadOnly.members#65.0-1788502602000-java.trap.gz (293 of 1074)
[2026-09-26 23:46:14] Importing VarHandleDoubles$FieldStaticReadWrite.members#65.0-1788502602000-java.trap.gz (294 of 1074)
[2026-09-26 23:46:14] Importing VarHandleDoubles.members#65.0-1788502602000-java.trap.gz (295 of 1074)
[2026-09-26 23:46:14] Importing VarHandleFloats$Array.members#65.0-1788502602000-java.trap.gz (296 of 1074)
[2026-09-26 23:46:14] Importing VarHandleFloats$FieldInstanceReadOnly.members#65.0-1788502602000-java.trap.gz (297 of 1074)
[2026-09-26 23:46:14] Importing VarHandleFloats$FieldInstanceReadWrite.members#65.0-1788502602000-java.trap.gz (298 of 1074)
[2026-09-26 23:46:14] Importing VarHandleFloats$FieldStaticReadOnly.members#65.0-1788502602000-java.trap.gz (299 of 1074)
[2026-09-26 23:46:14] Importing VarHandleFloats$FieldStaticReadWrite.members#65.0-1788502602000-java.trap.gz (300 of 1074)
[2026-09-26 23:46:14] Importing VarHandleFloats.members#65.0-1788502602000-java.trap.gz (301 of 1074)
[2026-09-26 23:46:14] Importing VarHandleInts$Array.members#65.0-1788502602000-java.trap.gz (302 of 1074)
[2026-09-26 23:46:14] Importing VarHandleInts$FieldInstanceReadOnly.members#65.0-1788502602000-java.trap.gz (303 of 1074)
[2026-09-26 23:46:14] Importing VarHandleInts$FieldInstanceReadWrite.members#65.0-1788502602000-java.trap.gz (304 of 1074)
[2026-09-26 23:46:14] Importing VarHandleInts$FieldStaticReadOnly.members#65.0-1788502602000-java.trap.gz (305 of 1074)
[2026-09-26 23:46:14] Importing VarHandleInts$FieldStaticReadWrite.members#65.0-1788502602000-java.trap.gz (306 of 1074)
[2026-09-26 23:46:14] Importing VarHandleInts.members#65.0-1788502602000-java.trap.gz (307 of 1074)
[2026-09-26 23:46:14] Importing VarHandleLongs$Array.members#65.0-1788502602000-java.trap.gz (308 of 1074)
[2026-09-26 23:46:14] Importing VarHandleLongs$FieldInstanceReadOnly.members#65.0-1788502602000-java.trap.gz (309 of 1074)
[2026-09-26 23:46:14] Importing VarHandleLongs$FieldInstanceReadWrite.members#65.0-1788502602000-java.trap.gz (310 of 1074)
[2026-09-26 23:46:14] Importing VarHandleLongs$FieldStaticReadOnly.members#65.0-1788502602000-java.trap.gz (311 of 1074)
[2026-09-26 23:46:14] Importing VarHandleLongs$FieldStaticReadWrite.members#65.0-1788502602000-java.trap.gz (312 of 1074)
[2026-09-26 23:46:14] Importing VarHandleLongs.members#65.0-1788502602000-java.trap.gz (313 of 1074)
[2026-09-26 23:46:14] Importing VarHandleReferences$Array.members#65.0-1788502602000-java.trap.gz (314 of 1074)
[2026-09-26 23:46:14] Importing VarHandleReferences$FieldInstanceReadOnly.members#65.0-1788502602000-java.trap.gz (315 of 1074)
[2026-09-26 23:46:14] Importing VarHandleReferences$FieldInstanceReadWrite.members#65.0-1788502602000-java.trap.gz (316 of 1074)
[2026-09-26 23:46:14] Importing VarHandleReferences$FieldStaticReadOnly.members#65.0-1788502602000-java.trap.gz (317 of 1074)
[2026-09-26 23:46:14] Importing VarHandleReferences$FieldStaticReadWrite.members#65.0-1788502602000-java.trap.gz (318 of 1074)
[2026-09-26 23:46:14] Importing VarHandleReferences.members#65.0-1788502602000-java.trap.gz (319 of 1074)
[2026-09-26 23:46:14] Importing VarHandleSegmentAsBytes.members#65.0-1788502602000-java.trap.gz (320 of 1074)
[2026-09-26 23:46:14] Importing VarHandleSegmentAsChars.members#65.0-1788502602000-java.trap.gz (321 of 1074)
[2026-09-26 23:46:14] Importing VarHandleSegmentAsDoubles.members#65.0-1788502602000-java.trap.gz (322 of 1074)
[2026-09-26 23:46:14] Importing VarHandleSegmentAsFloats.members#65.0-1788502602000-java.trap.gz (323 of 1074)
[2026-09-26 23:46:14] Importing VarHandleSegmentAsInts.members#65.0-1788502602000-java.trap.gz (324 of 1074)
[2026-09-26 23:46:14] Importing VarHandleSegmentAsLongs.members#65.0-1788502602000-java.trap.gz (325 of 1074)
[2026-09-26 23:46:14] Importing VarHandleSegmentAsShorts.members#65.0-1788502602000-java.trap.gz (326 of 1074)
[2026-09-26 23:46:14] Importing VarHandleSegmentViewBase.members#65.0-1788502602000-java.trap.gz (327 of 1074)
[2026-09-26 23:46:14] Importing VarHandleShorts$Array.members#65.0-1788502602000-java.trap.gz (328 of 1074)
[2026-09-26 23:46:14] Importing VarHandleShorts$FieldInstanceReadOnly.members#65.0-1788502602000-java.trap.gz (329 of 1074)
[2026-09-26 23:46:14] Importing VarHandleShorts$FieldInstanceReadWrite.members#65.0-1788502602000-java.trap.gz (330 of 1074)
[2026-09-26 23:46:14] Importing VarHandleShorts$FieldStaticReadOnly.members#65.0-1788502602000-java.trap.gz (331 of 1074)
[2026-09-26 23:46:14] Importing VarHandleShorts$FieldStaticReadWrite.members#65.0-1788502602000-java.trap.gz (332 of 1074)
[2026-09-26 23:46:14] Importing VarHandleShorts.members#65.0-1788502602000-java.trap.gz (333 of 1074)
[2026-09-26 23:46:14] Importing VolatileCallSite.members#65.0-1788502602000-java.trap.gz (334 of 1074)
[2026-09-26 23:46:14] Importing WrongMethodTypeException.members#65.0-1788502602000-java.trap.gz (335 of 1074)
[2026-09-26 23:46:14] Importing Configuration.members#65.0-1788502602000-java.trap.gz (336 of 1074)
[2026-09-26 23:46:14] Importing ModuleDescriptor$Builder.members#65.0-1788502602000-java.trap.gz (337 of 1074)
[2026-09-26 23:46:14] Importing ModuleDescriptor$Exports$Modifier.members#65.0-1788502602000-java.trap.gz (338 of 1074)
[2026-09-26 23:46:14] Importing ModuleDescriptor$Exports.members#65.0-1788502602000-java.trap.gz (339 of 1074)
[2026-09-26 23:46:14] Importing ModuleDescriptor$Modifier.members#65.0-1788502602000-java.trap.gz (340 of 1074)
[2026-09-26 23:46:14] Importing ModuleDescriptor$Opens$Modifier.members#65.0-1788502602000-java.trap.gz (341 of 1074)
[2026-09-26 23:46:14] Importing ModuleDescriptor$Opens.members#65.0-1788502602000-java.trap.gz (342 of 1074)
[2026-09-26 23:46:14] Importing ModuleDescriptor$Provides.members#65.0-1788502602000-java.trap.gz (343 of 1074)
[2026-09-26 23:46:14] Importing ModuleDescriptor$Requires$Modifier.members#65.0-1788502602000-java.trap.gz (344 of 1074)
[2026-09-26 23:46:14] Importing ModuleDescriptor$Requires.members#65.0-1788502602000-java.trap.gz (345 of 1074)
[2026-09-26 23:46:14] Importing ModuleDescriptor$Version.members#65.0-1788502602000-java.trap.gz (346 of 1074)
[2026-09-26 23:46:14] Importing ModuleDescriptor.members#65.0-1788502602000-java.trap.gz (347 of 1074)
[2026-09-26 23:46:14] Importing ModuleFinder.members#65.0-1788502602000-java.trap.gz (348 of 1074)
[2026-09-26 23:46:14] Importing ModuleReader.members#65.0-1788502602000-java.trap.gz (349 of 1074)
[2026-09-26 23:46:14] Importing ModuleReference.members#65.0-1788502602000-java.trap.gz (350 of 1074)
[2026-09-26 23:46:14] Importing ResolvedModule.members#65.0-1788502602000-java.trap.gz (351 of 1074)
[2026-09-26 23:46:14] Importing Cleaner$Cleanable.members#65.0-1788502602000-java.trap.gz (352 of 1074)
[2026-09-26 23:46:14] Importing Cleaner.members#65.0-1788502602000-java.trap.gz (353 of 1074)
[2026-09-26 23:46:14] Importing FinalReference.members#65.0-1788502602000-java.trap.gz (354 of 1074)
[2026-09-26 23:46:14] Importing Finalizer.members#65.0-1788502602000-java.trap.gz (355 of 1074)
[2026-09-26 23:46:14] Importing PhantomReference.members#65.0-1788502602000-java.trap.gz (356 of 1074)
[2026-09-26 23:46:14] Importing Reference.members#65.0-1788502602000-java.trap.gz (357 of 1074)
[2026-09-26 23:46:14] Importing ReferenceQueue.members#65.0-1788502602000-java.trap.gz (358 of 1074)
[2026-09-26 23:46:14] Importing SoftReference.members#65.0-1788502602000-java.trap.gz (359 of 1074)
[2026-09-26 23:46:14] Importing WeakReference.members#65.0-1788502602000-java.trap.gz (360 of 1074)
[2026-09-26 23:46:14] Importing AccessFlag$Location.members#65.0-1788502602000-java.trap.gz (361 of 1074)
[2026-09-26 23:46:14] Importing AccessFlag.members#65.0-1788502602000-java.trap.gz (362 of 1074)
[2026-09-26 23:46:14] Importing AccessibleObject.members#65.0-1788502602000-java.trap.gz (363 of 1074)
[2026-09-26 23:46:14] Importing AnnotatedElement.members#65.0-1788502602000-java.trap.gz (364 of 1074)
[2026-09-26 23:46:14] Importing AnnotatedType.members#65.0-1788502602000-java.trap.gz (365 of 1074)
[2026-09-26 23:46:14] Importing ClassFileFormatVersion.members#65.0-1788502602000-java.trap.gz (366 of 1074)
[2026-09-26 23:46:14] Importing Constructor.members#65.0-1788502602000-java.trap.gz (367 of 1074)
[2026-09-26 23:46:14] Importing Executable.members#65.0-1788502602000-java.trap.gz (368 of 1074)
[2026-09-26 23:46:14] Importing Field.members#65.0-1788502602000-java.trap.gz (369 of 1074)
[2026-09-26 23:46:14] Importing GenericDeclaration.members#65.0-1788502602000-java.trap.gz (370 of 1074)
[2026-09-26 23:46:14] Importing InvocationTargetException.members#65.0-1788502602000-java.trap.gz (371 of 1074)
[2026-09-26 23:46:14] Importing Member.members#65.0-1788502602000-java.trap.gz (372 of 1074)
[2026-09-26 23:46:14] Importing Method.members#65.0-1788502602000-java.trap.gz (373 of 1074)
[2026-09-26 23:46:14] Importing Parameter.members#65.0-1788502602000-java.trap.gz (374 of 1074)
[2026-09-26 23:46:14] Importing ParameterizedType.members#65.0-1788502602000-java.trap.gz (375 of 1074)
[2026-09-26 23:46:14] Importing RecordComponent.members#65.0-1788502602000-java.trap.gz (376 of 1074)
[2026-09-26 23:46:14] Importing Type.members#65.0-1788502602000-java.trap.gz (377 of 1074)
[2026-09-26 23:46:14] Importing TypeVariable.members#65.0-1788502602000-java.trap.gz (378 of 1074)
[2026-09-26 23:46:14] Importing WildcardType.members#65.0-1788502602000-java.trap.gz (379 of 1074)
[2026-09-26 23:46:14] Importing BigInteger.members#65.0-1788502602000-java.trap.gz (380 of 1074)
[2026-09-26 23:46:14] Importing ContentHandler.members#65.0-1788502602000-java.trap.gz (381 of 1074)
[2026-09-26 23:46:14] Importing ContentHandlerFactory.members#65.0-1788502602000-java.trap.gz (382 of 1074)
[2026-09-26 23:46:14] Importing FileNameMap.members#65.0-1788502602000-java.trap.gz (383 of 1074)
[2026-09-26 23:46:14] Importing Inet4Address.members#65.0-1788502602000-java.trap.gz (384 of 1074)
[2026-09-26 23:46:14] Importing Inet4AddressImpl.members#65.0-1788502602000-java.trap.gz (385 of 1074)
[2026-09-26 23:46:14] Importing Inet6Address.members#65.0-1788502602000-java.trap.gz (386 of 1074)
[2026-09-26 23:46:14] Importing Inet6AddressImpl.members#65.0-1788502602000-java.trap.gz (387 of 1074)
[2026-09-26 23:46:14] Importing InetAddress$InetAddressHolder.members#65.0-1788502602000-java.trap.gz (388 of 1074)
[2026-09-26 23:46:14] Importing InetAddress.members#65.0-1788502602000-java.trap.gz (389 of 1074)
[2026-09-26 23:46:14] Importing InetAddressImpl.members#65.0-1788502602000-java.trap.gz (390 of 1074)
[2026-09-26 23:46:14] Importing InterfaceAddress.members#65.0-1788502602000-java.trap.gz (391 of 1074)
[2026-09-26 23:46:14] Importing MalformedURLException.members#65.0-1788502602000-java.trap.gz (392 of 1074)
[2026-09-26 23:46:14] Importing NetworkInterface.members#65.0-1788502602000-java.trap.gz (393 of 1074)
[2026-09-26 23:46:14] Importing Proxy$Type.members#65.0-1788502602000-java.trap.gz (394 of 1074)
[2026-09-26 23:46:14] Importing Proxy.members#65.0-1788502602000-java.trap.gz (395 of 1074)
[2026-09-26 23:46:14] Importing SocketAddress.members#65.0-1788502602000-java.trap.gz (396 of 1074)
[2026-09-26 23:46:14] Importing SocketException.members#65.0-1788502602000-java.trap.gz (397 of 1074)
[2026-09-26 23:46:14] Importing URI.members#65.0-1788502602000-java.trap.gz (398 of 1074)
[2026-09-26 23:46:14] Importing URISyntaxException.members#65.0-1788502602000-java.trap.gz (399 of 1074)
[2026-09-26 23:46:14] Importing URL.members#65.0-1788502602000-java.trap.gz (400 of 1074)
[2026-09-26 23:46:14] Importing URLConnection.members#65.0-1788502602000-java.trap.gz (401 of 1074)
[2026-09-26 23:46:14] Importing URLStreamHandler.members#65.0-1788502602000-java.trap.gz (402 of 1074)
[2026-09-26 23:46:14] Importing URLStreamHandlerFactory.members#65.0-1788502602000-java.trap.gz (403 of 1074)
[2026-09-26 23:46:14] Importing UnknownHostException.members#65.0-1788502602000-java.trap.gz (404 of 1074)
[2026-09-26 23:46:14] Importing InetAddressResolver$LookupPolicy.members#65.0-1788502602000-java.trap.gz (405 of 1074)
[2026-09-26 23:46:14] Importing InetAddressResolver.members#65.0-1788502602000-java.trap.gz (406 of 1074)
[2026-09-26 23:46:14] Importing Buffer.members#65.0-1788502602000-java.trap.gz (407 of 1074)
[2026-09-26 23:46:14] Importing ByteBuffer.members#65.0-1788502602000-java.trap.gz (408 of 1074)
[2026-09-26 23:46:14] Importing ByteBufferAsCharBufferB.members#65.0-1788502602000-java.trap.gz (409 of 1074)
[2026-09-26 23:46:14] Importing ByteBufferAsCharBufferL.members#65.0-1788502602000-java.trap.gz (410 of 1074)
[2026-09-26 23:46:14] Importing ByteBufferAsCharBufferRB.members#65.0-1788502602000-java.trap.gz (411 of 1074)
[2026-09-26 23:46:14] Importing ByteBufferAsCharBufferRL.members#65.0-1788502602000-java.trap.gz (412 of 1074)
[2026-09-26 23:46:14] Importing ByteBufferAsDoubleBufferB.members#65.0-1788502602000-java.trap.gz (413 of 1074)
[2026-09-26 23:46:14] Importing ByteBufferAsDoubleBufferL.members#65.0-1788502602000-java.trap.gz (414 of 1074)
[2026-09-26 23:46:14] Importing ByteBufferAsDoubleBufferRB.members#65.0-1788502602000-java.trap.gz (415 of 1074)
[2026-09-26 23:46:14] Importing ByteBufferAsDoubleBufferRL.members#65.0-1788502602000-java.trap.gz (416 of 1074)
[2026-09-26 23:46:14] Importing ByteBufferAsFloatBufferB.members#65.0-1788502602000-java.trap.gz (417 of 1074)
[2026-09-26 23:46:14] Importing ByteBufferAsFloatBufferL.members#65.0-1788502602000-java.trap.gz (418 of 1074)
[2026-09-26 23:46:14] Importing ByteBufferAsFloatBufferRB.members#65.0-1788502602000-java.trap.gz (419 of 1074)
[2026-09-26 23:46:14] Importing ByteBufferAsFloatBufferRL.members#65.0-1788502602000-java.trap.gz (420 of 1074)
[2026-09-26 23:46:14] Importing ByteBufferAsIntBufferB.members#65.0-1788502602000-java.trap.gz (421 of 1074)
[2026-09-26 23:46:14] Importing ByteBufferAsIntBufferL.members#65.0-1788502602000-java.trap.gz (422 of 1074)
[2026-09-26 23:46:14] Importing ByteBufferAsIntBufferRB.members#65.0-1788502602000-java.trap.gz (423 of 1074)
[2026-09-26 23:46:14] Importing ByteBufferAsIntBufferRL.members#65.0-1788502602000-java.trap.gz (424 of 1074)
[2026-09-26 23:46:14] Importing ByteBufferAsLongBufferB.members#65.0-1788502602000-java.trap.gz (425 of 1074)
[2026-09-26 23:46:14] Importing ByteBufferAsLongBufferL.members#65.0-1788502602000-java.trap.gz (426 of 1074)
[2026-09-26 23:46:14] Importing ByteBufferAsLongBufferRB.members#65.0-1788502602000-java.trap.gz (427 of 1074)
[2026-09-26 23:46:14] Importing ByteBufferAsLongBufferRL.members#65.0-1788502602000-java.trap.gz (428 of 1074)
[2026-09-26 23:46:14] Importing ByteBufferAsShortBufferB.members#65.0-1788502602000-java.trap.gz (429 of 1074)
[2026-09-26 23:46:14] Importing ByteBufferAsShortBufferL.members#65.0-1788502602000-java.trap.gz (430 of 1074)
[2026-09-26 23:46:14] Importing ByteBufferAsShortBufferRB.members#65.0-1788502602000-java.trap.gz (431 of 1074)
[2026-09-26 23:46:14] Importing ByteBufferAsShortBufferRL.members#65.0-1788502602000-java.trap.gz (432 of 1074)
[2026-09-26 23:46:14] Importing ByteOrder.members#65.0-1788502602000-java.trap.gz (433 of 1074)
[2026-09-26 23:46:15] Importing CharBuffer.members#65.0-1788502602000-java.trap.gz (434 of 1074)
[2026-09-26 23:46:15] Importing DirectByteBuffer.members#65.0-1788502602000-java.trap.gz (435 of 1074)
[2026-09-26 23:46:15] Importing DirectByteBufferR.members#65.0-1788502602000-java.trap.gz (436 of 1074)
[2026-09-26 23:46:15] Importing DirectCharBufferRS.members#65.0-1788502602000-java.trap.gz (437 of 1074)
[2026-09-26 23:46:15] Importing DirectCharBufferRU.members#65.0-1788502602000-java.trap.gz (438 of 1074)
[2026-09-26 23:46:15] Importing DirectCharBufferS.members#65.0-1788502602000-java.trap.gz (439 of 1074)
[2026-09-26 23:46:15] Importing DirectCharBufferU.members#65.0-1788502602000-java.trap.gz (440 of 1074)
[2026-09-26 23:46:15] Importing DirectDoubleBufferRS.members#65.0-1788502602000-java.trap.gz (441 of 1074)
[2026-09-26 23:46:15] Importing DirectDoubleBufferRU.members#65.0-1788502602000-java.trap.gz (442 of 1074)
[2026-09-26 23:46:15] Importing DirectDoubleBufferS.members#65.0-1788502602000-java.trap.gz (443 of 1074)
[2026-09-26 23:46:15] Importing DirectDoubleBufferU.members#65.0-1788502602000-java.trap.gz (444 of 1074)
[2026-09-26 23:46:15] Importing DirectFloatBufferRS.members#65.0-1788502602000-java.trap.gz (445 of 1074)
[2026-09-26 23:46:15] Importing DirectFloatBufferRU.members#65.0-1788502602000-java.trap.gz (446 of 1074)
[2026-09-26 23:46:15] Importing DirectFloatBufferS.members#65.0-1788502602000-java.trap.gz (447 of 1074)
[2026-09-26 23:46:15] Importing DirectFloatBufferU.members#65.0-1788502602000-java.trap.gz (448 of 1074)
[2026-09-26 23:46:15] Importing DirectIntBufferRS.members#65.0-1788502602000-java.trap.gz (449 of 1074)
[2026-09-26 23:46:15] Importing DirectIntBufferRU.members#65.0-1788502602000-java.trap.gz (450 of 1074)
[2026-09-26 23:46:15] Importing DirectIntBufferS.members#65.0-1788502602000-java.trap.gz (451 of 1074)
[2026-09-26 23:46:15] Importing DirectIntBufferU.members#65.0-1788502602000-java.trap.gz (452 of 1074)
[2026-09-26 23:46:15] Importing DirectLongBufferRS.members#65.0-1788502602000-java.trap.gz (453 of 1074)
[2026-09-26 23:46:15] Importing DirectLongBufferRU.members#65.0-1788502602000-java.trap.gz (454 of 1074)
[2026-09-26 23:46:15] Importing DirectLongBufferS.members#65.0-1788502602000-java.trap.gz (455 of 1074)
[2026-09-26 23:46:15] Importing DirectLongBufferU.members#65.0-1788502602000-java.trap.gz (456 of 1074)
[2026-09-26 23:46:15] Importing DirectShortBufferRS.members#65.0-1788502602000-java.trap.gz (457 of 1074)
[2026-09-26 23:46:15] Importing DirectShortBufferRU.members#65.0-1788502602000-java.trap.gz (458 of 1074)
[2026-09-26 23:46:15] Importing DirectShortBufferS.members#65.0-1788502602000-java.trap.gz (459 of 1074)
[2026-09-26 23:46:15] Importing DirectShortBufferU.members#65.0-1788502602000-java.trap.gz (460 of 1074)
[2026-09-26 23:46:15] Importing DoubleBuffer.members#65.0-1788502602000-java.trap.gz (461 of 1074)
[2026-09-26 23:46:15] Importing FloatBuffer.members#65.0-1788502602000-java.trap.gz (462 of 1074)
[2026-09-26 23:46:15] Importing HeapByteBuffer.members#65.0-1788502602000-java.trap.gz (463 of 1074)
[2026-09-26 23:46:15] Importing HeapByteBufferR.members#65.0-1788502602000-java.trap.gz (464 of 1074)
[2026-09-26 23:46:15] Importing HeapCharBuffer.members#65.0-1788502602000-java.trap.gz (465 of 1074)
[2026-09-26 23:46:15] Importing HeapCharBufferR.members#65.0-1788502602000-java.trap.gz (466 of 1074)
[2026-09-26 23:46:15] Importing HeapDoubleBuffer.members#65.0-1788502602000-java.trap.gz (467 of 1074)
[2026-09-26 23:46:15] Importing HeapDoubleBufferR.members#65.0-1788502602000-java.trap.gz (468 of 1074)
[2026-09-26 23:46:15] Importing HeapFloatBuffer.members#65.0-1788502602000-java.trap.gz (469 of 1074)
[2026-09-26 23:46:15] Importing HeapFloatBufferR.members#65.0-1788502602000-java.trap.gz (470 of 1074)
[2026-09-26 23:46:15] Importing HeapIntBuffer.members#65.0-1788502602000-java.trap.gz (471 of 1074)
[2026-09-26 23:46:15] Importing HeapIntBufferR.members#65.0-1788502602000-java.trap.gz (472 of 1074)
[2026-09-26 23:46:15] Importing HeapLongBuffer.members#65.0-1788502602000-java.trap.gz (473 of 1074)
[2026-09-26 23:46:15] Importing HeapLongBufferR.members#65.0-1788502602000-java.trap.gz (474 of 1074)
[2026-09-26 23:46:15] Importing HeapShortBuffer.members#65.0-1788502602000-java.trap.gz (475 of 1074)
[2026-09-26 23:46:15] Importing HeapShortBufferR.members#65.0-1788502602000-java.trap.gz (476 of 1074)
[2026-09-26 23:46:15] Importing IntBuffer.members#65.0-1788502602000-java.trap.gz (477 of 1074)
[2026-09-26 23:46:15] Importing LongBuffer.members#65.0-1788502602000-java.trap.gz (478 of 1074)
[2026-09-26 23:46:15] Importing MappedByteBuffer.members#65.0-1788502602000-java.trap.gz (479 of 1074)
[2026-09-26 23:46:15] Importing ShortBuffer.members#65.0-1788502602000-java.trap.gz (480 of 1074)
[2026-09-26 23:46:15] Importing StringCharBuffer.members#65.0-1788502602000-java.trap.gz (481 of 1074)
[2026-09-26 23:46:15] Importing AsynchronousChannel.members#65.0-1788502602000-java.trap.gz (482 of 1074)
[2026-09-26 23:46:15] Importing AsynchronousCloseException.members#65.0-1788502602000-java.trap.gz (483 of 1074)
[2026-09-26 23:46:15] Importing AsynchronousFileChannel.members#65.0-1788502602000-java.trap.gz (484 of 1074)
[2026-09-26 23:46:15] Importing ByteChannel.members#65.0-1788502602000-java.trap.gz (485 of 1074)
[2026-09-26 23:46:15] Importing Channel.members#65.0-1788502602000-java.trap.gz (486 of 1074)
[2026-09-26 23:46:15] Importing ClosedChannelException.members#65.0-1788502602000-java.trap.gz (487 of 1074)
[2026-09-26 23:46:15] Importing CompletionHandler.members#65.0-1788502602000-java.trap.gz (488 of 1074)
[2026-09-26 23:46:15] Importing FileChannel$MapMode.members#65.0-1788502602000-java.trap.gz (489 of 1074)
[2026-09-26 23:46:15] Importing FileChannel.members#65.0-1788502602000-java.trap.gz (490 of 1074)
[2026-09-26 23:46:15] Importing FileLock.members#65.0-1788502602000-java.trap.gz (491 of 1074)
[2026-09-26 23:46:15] Importing GatheringByteChannel.members#65.0-1788502602000-java.trap.gz (492 of 1074)
[2026-09-26 23:46:15] Importing InterruptibleChannel.members#65.0-1788502602000-java.trap.gz (493 of 1074)
[2026-09-26 23:46:15] Importing ReadableByteChannel.members#65.0-1788502602000-java.trap.gz (494 of 1074)
[2026-09-26 23:46:15] Importing ScatteringByteChannel.members#65.0-1788502602000-java.trap.gz (495 of 1074)
[2026-09-26 23:46:15] Importing SeekableByteChannel.members#65.0-1788502602000-java.trap.gz (496 of 1074)
[2026-09-26 23:46:15] Importing WritableByteChannel.members#65.0-1788502602000-java.trap.gz (497 of 1074)
[2026-09-26 23:46:15] Importing AbstractInterruptibleChannel.members#65.0-1788502602000-java.trap.gz (498 of 1074)
[2026-09-26 23:46:15] Importing CharacterCodingException.members#65.0-1788502602000-java.trap.gz (499 of 1074)
[2026-09-26 23:46:15] Importing Charset.members#65.0-1788502602000-java.trap.gz (500 of 1074)
[2026-09-26 23:46:15] Importing CharsetDecoder.members#65.0-1788502602000-java.trap.gz (501 of 1074)
[2026-09-26 23:46:15] Importing CharsetEncoder.members#65.0-1788502602000-java.trap.gz (502 of 1074)
[2026-09-26 23:46:15] Importing CoderResult.members#65.0-1788502602000-java.trap.gz (503 of 1074)
[2026-09-26 23:46:15] Importing CodingErrorAction.members#65.0-1788502602000-java.trap.gz (504 of 1074)
[2026-09-26 23:46:15] Importing AccessMode.members#65.0-1788502602000-java.trap.gz (505 of 1074)
[2026-09-26 23:46:15] Importing CopyOption.members#65.0-1788502602000-java.trap.gz (506 of 1074)
[2026-09-26 23:46:15] Importing DirectoryStream$Filter.members#65.0-1788502602000-java.trap.gz (507 of 1074)
[2026-09-26 23:46:15] Importing DirectoryStream.members#65.0-1788502602000-java.trap.gz (508 of 1074)
[2026-09-26 23:46:15] Importing FileStore.members#65.0-1788502602000-java.trap.gz (509 of 1074)
[2026-09-26 23:46:15] Importing FileSystem.members#65.0-1788502602000-java.trap.gz (510 of 1074)
[2026-09-26 23:46:15] Importing LinkOption.members#65.0-1788502602000-java.trap.gz (511 of 1074)
[2026-09-26 23:46:15] Importing OpenOption.members#65.0-1788502602000-java.trap.gz (512 of 1074)
[2026-09-26 23:46:15] Importing Path.members#65.0-1788502602000-java.trap.gz (513 of 1074)
[2026-09-26 23:46:15] Importing PathMatcher.members#65.0-1788502602000-java.trap.gz (514 of 1074)
[2026-09-26 23:46:15] Importing WatchEvent$Kind.members#65.0-1788502602000-java.trap.gz (515 of 1074)
[2026-09-26 23:46:15] Importing WatchEvent$Modifier.members#65.0-1788502602000-java.trap.gz (516 of 1074)
[2026-09-26 23:46:15] Importing WatchEvent.members#65.0-1788502602000-java.trap.gz (517 of 1074)
[2026-09-26 23:46:15] Importing WatchKey.members#65.0-1788502602000-java.trap.gz (518 of 1074)
[2026-09-26 23:46:15] Importing WatchService.members#65.0-1788502602000-java.trap.gz (519 of 1074)
[2026-09-26 23:46:15] Importing Watchable.members#65.0-1788502602000-java.trap.gz (520 of 1074)
[2026-09-26 23:46:15] Importing AttributeView.members#65.0-1788502602000-java.trap.gz (521 of 1074)
[2026-09-26 23:46:15] Importing BasicFileAttributes.members#65.0-1788502602000-java.trap.gz (522 of 1074)
[2026-09-26 23:46:15] Importing FileAttribute.members#65.0-1788502602000-java.trap.gz (523 of 1074)
[2026-09-26 23:46:15] Importing FileAttributeView.members#65.0-1788502602000-java.trap.gz (524 of 1074)
[2026-09-26 23:46:15] Importing FileStoreAttributeView.members#65.0-1788502602000-java.trap.gz (525 of 1074)
[2026-09-26 23:46:15] Importing FileTime.members#65.0-1788502602000-java.trap.gz (526 of 1074)
[2026-09-26 23:46:15] Importing GroupPrincipal.members#65.0-1788502602000-java.trap.gz (527 of 1074)
[2026-09-26 23:46:15] Importing UserPrincipal.members#65.0-1788502602000-java.trap.gz (528 of 1074)
[2026-09-26 23:46:15] Importing UserPrincipalLookupService.members#65.0-1788502602000-java.trap.gz (529 of 1074)
[2026-09-26 23:46:15] Importing FileSystemProvider.members#65.0-1788502602000-java.trap.gz (530 of 1074)
[2026-09-26 23:46:15] Importing AccessControlContext.members#65.0-1788502602000-java.trap.gz (531 of 1074)
[2026-09-26 23:46:15] Importing AccessControlException.members#65.0-1788502602000-java.trap.gz (532 of 1074)
[2026-09-26 23:46:15] Importing AlgorithmParameters.members#65.0-1788502602000-java.trap.gz (533 of 1074)
[2026-09-26 23:46:15] Importing AlgorithmParametersSpi.members#65.0-1788502602000-java.trap.gz (534 of 1074)
[2026-09-26 23:46:15] Importing BasicPermission.members#65.0-1788502602000-java.trap.gz (535 of 1074)
[2026-09-26 23:46:15] Importing CodeSigner.members#65.0-1788502602000-java.trap.gz (536 of 1074)
[2026-09-26 23:46:15] Importing CodeSource.members#65.0-1788502602000-java.trap.gz (537 of 1074)
[2026-09-26 23:46:15] Importing DigestException.members#65.0-1788502602000-java.trap.gz (538 of 1074)
[2026-09-26 23:46:15] Importing DomainCombiner.members#65.0-1788502602000-java.trap.gz (539 of 1074)
[2026-09-26 23:46:15] Importing GeneralSecurityException.members#65.0-1788502602000-java.trap.gz (540 of 1074)
[2026-09-26 23:46:15] Importing Guard.members#65.0-1788502602000-java.trap.gz (541 of 1074)
[2026-09-26 23:46:15] Importing InvalidAlgorithmParameterException.members#65.0-1788502602000-java.trap.gz (542 of 1074)
[2026-09-26 23:46:15] Importing InvalidKeyException.members#65.0-1788502602000-java.trap.gz (543 of 1074)
[2026-09-26 23:46:15] Importing InvalidParameterException.members#65.0-1788502602000-java.trap.gz (544 of 1074)
[2026-09-26 23:46:15] Importing Key.members#65.0-1788502602000-java.trap.gz (545 of 1074)
[2026-09-26 23:46:15] Importing KeyException.members#65.0-1788502602000-java.trap.gz (546 of 1074)
[2026-09-26 23:46:15] Importing KeyFactory.members#65.0-1788502602000-java.trap.gz (547 of 1074)
[2026-09-26 23:46:15] Importing KeyFactorySpi.members#65.0-1788502602000-java.trap.gz (548 of 1074)
[2026-09-26 23:46:15] Importing KeyStore$Entry$Attribute.members#65.0-1788502602000-java.trap.gz (549 of 1074)
[2026-09-26 23:46:15] Importing KeyStore$Entry.members#65.0-1788502602000-java.trap.gz (550 of 1074)
[2026-09-26 23:46:15] Importing KeyStore$LoadStoreParameter.members#65.0-1788502602000-java.trap.gz (551 of 1074)
[2026-09-26 23:46:15] Importing KeyStore$ProtectionParameter.members#65.0-1788502602000-java.trap.gz (552 of 1074)
[2026-09-26 23:46:15] Importing KeyStore.members#65.0-1788502602000-java.trap.gz (553 of 1074)
[2026-09-26 23:46:15] Importing KeyStoreException.members#65.0-1788502602000-java.trap.gz (554 of 1074)
[2026-09-26 23:46:15] Importing KeyStoreSpi.members#65.0-1788502602000-java.trap.gz (555 of 1074)
[2026-09-26 23:46:15] Importing MessageDigest.members#65.0-1788502602000-java.trap.gz (556 of 1074)
[2026-09-26 23:46:15] Importing MessageDigestSpi.members#65.0-1788502602000-java.trap.gz (557 of 1074)
[2026-09-26 23:46:15] Importing NoSuchAlgorithmException.members#65.0-1788502602000-java.trap.gz (558 of 1074)
[2026-09-26 23:46:15] Importing NoSuchProviderException.members#65.0-1788502602000-java.trap.gz (559 of 1074)
[2026-09-26 23:46:15] Importing Permission.members#65.0-1788502602000-java.trap.gz (560 of 1074)
[2026-09-26 23:46:15] Importing PermissionCollection.members#65.0-1788502602000-java.trap.gz (561 of 1074)
[2026-09-26 23:46:15] Importing Principal.members#65.0-1788502602000-java.trap.gz (562 of 1074)
[2026-09-26 23:46:15] Importing PrivateKey.members#65.0-1788502602000-java.trap.gz (563 of 1074)
[2026-09-26 23:46:15] Importing PrivilegedAction.members#65.0-1788502602000-java.trap.gz (564 of 1074)
[2026-09-26 23:46:15] Importing PrivilegedActionException.members#65.0-1788502602000-java.trap.gz (565 of 1074)
[2026-09-26 23:46:15] Importing PrivilegedExceptionAction.members#65.0-1788502602000-java.trap.gz (566 of 1074)
[2026-09-26 23:46:15] Importing ProtectionDomain$Key.members#65.0-1788502602000-java.trap.gz (567 of 1074)
[2026-09-26 23:46:15] Importing ProtectionDomain.members#65.0-1788502602000-java.trap.gz (568 of 1074)
[2026-09-26 23:46:15] Importing Provider$Service.members#65.0-1788502602000-java.trap.gz (569 of 1074)
[2026-09-26 23:46:15] Importing Provider.members#65.0-1788502602000-java.trap.gz (570 of 1074)
[2026-09-26 23:46:15] Importing PublicKey.members#65.0-1788502602000-java.trap.gz (571 of 1074)
[2026-09-26 23:46:15] Importing SecureRandom.members#65.0-1788502602000-java.trap.gz (572 of 1074)
[2026-09-26 23:46:15] Importing SecureRandomParameters.members#65.0-1788502602000-java.trap.gz (573 of 1074)
[2026-09-26 23:46:15] Importing SecureRandomSpi.members#65.0-1788502602000-java.trap.gz (574 of 1074)
[2026-09-26 23:46:15] Importing Signature.members#65.0-1788502602000-java.trap.gz (575 of 1074)
[2026-09-26 23:46:15] Importing SignatureException.members#65.0-1788502602000-java.trap.gz (576 of 1074)
[2026-09-26 23:46:15] Importing SignatureSpi.members#65.0-1788502602000-java.trap.gz (577 of 1074)
[2026-09-26 23:46:15] Importing Timestamp.members#65.0-1788502602000-java.trap.gz (578 of 1074)
[2026-09-26 23:46:15] Importing UnrecoverableEntryException.members#65.0-1788502602000-java.trap.gz (579 of 1074)
[2026-09-26 23:46:15] Importing UnrecoverableKeyException.members#65.0-1788502602000-java.trap.gz (580 of 1074)
[2026-09-26 23:46:15] Importing CRL.members#65.0-1788502602000-java.trap.gz (581 of 1074)
[2026-09-26 23:46:15] Importing CRLException.members#65.0-1788502602000-java.trap.gz (582 of 1074)
[2026-09-26 23:46:15] Importing CRLSelector.members#65.0-1788502602000-java.trap.gz (583 of 1074)
[2026-09-26 23:46:15] Importing CertPath.members#65.0-1788502602000-java.trap.gz (584 of 1074)
[2026-09-26 23:46:15] Importing CertPathChecker.members#65.0-1788502602000-java.trap.gz (585 of 1074)
[2026-09-26 23:46:15] Importing CertPathParameters.members#65.0-1788502602000-java.trap.gz (586 of 1074)
[2026-09-26 23:46:15] Importing CertPathValidator.members#65.0-1788502602000-java.trap.gz (587 of 1074)
[2026-09-26 23:46:15] Importing CertPathValidatorException$Reason.members#65.0-1788502602000-java.trap.gz (588 of 1074)
[2026-09-26 23:46:15] Importing CertPathValidatorException.members#65.0-1788502602000-java.trap.gz (589 of 1074)
[2026-09-26 23:46:15] Importing CertPathValidatorResult.members#65.0-1788502602000-java.trap.gz (590 of 1074)
[2026-09-26 23:46:15] Importing CertPathValidatorSpi.members#65.0-1788502602000-java.trap.gz (591 of 1074)
[2026-09-26 23:46:15] Importing CertSelector.members#65.0-1788502602000-java.trap.gz (592 of 1074)
[2026-09-26 23:46:15] Importing CertStore.members#65.0-1788502602000-java.trap.gz (593 of 1074)
[2026-09-26 23:46:15] Importing CertStoreException.members#65.0-1788502602000-java.trap.gz (594 of 1074)
[2026-09-26 23:46:15] Importing CertStoreParameters.members#65.0-1788502602000-java.trap.gz (595 of 1074)
[2026-09-26 23:46:15] Importing CertStoreSpi.members#65.0-1788502602000-java.trap.gz (596 of 1074)
[2026-09-26 23:46:15] Importing Certificate.members#65.0-1788502602000-java.trap.gz (597 of 1074)
[2026-09-26 23:46:15] Importing CertificateEncodingException.members#65.0-1788502602000-java.trap.gz (598 of 1074)
[2026-09-26 23:46:15] Importing CertificateException.members#65.0-1788502602000-java.trap.gz (599 of 1074)
[2026-09-26 23:46:15] Importing CertificateExpiredException.members#65.0-1788502602000-java.trap.gz (600 of 1074)
[2026-09-26 23:46:15] Importing CertificateFactory.members#65.0-1788502602000-java.trap.gz (601 of 1074)
[2026-09-26 23:46:15] Importing CertificateFactorySpi.members#65.0-1788502602000-java.trap.gz (602 of 1074)
[2026-09-26 23:46:15] Importing CertificateNotYetValidException.members#65.0-1788502602000-java.trap.gz (603 of 1074)
[2026-09-26 23:46:15] Importing CertificateParsingException.members#65.0-1788502602000-java.trap.gz (604 of 1074)
[2026-09-26 23:46:15] Importing PKIXCertPathChecker.members#65.0-1788502602000-java.trap.gz (605 of 1074)
[2026-09-26 23:46:15] Importing PKIXCertPathValidatorResult.members#65.0-1788502602000-java.trap.gz (606 of 1074)
[2026-09-26 23:46:15] Importing PKIXParameters.members#65.0-1788502602000-java.trap.gz (607 of 1074)
[2026-09-26 23:46:15] Importing PolicyNode.members#65.0-1788502602000-java.trap.gz (608 of 1074)
[2026-09-26 23:46:15] Importing PolicyQualifierInfo.members#65.0-1788502602000-java.trap.gz (609 of 1074)
[2026-09-26 23:46:15] Importing TrustAnchor.members#65.0-1788502602000-java.trap.gz (610 of 1074)
[2026-09-26 23:46:15] Importing X509Certificate.members#65.0-1788502602000-java.trap.gz (611 of 1074)
[2026-09-26 23:46:15] Importing X509Extension.members#65.0-1788502602000-java.trap.gz (612 of 1074)
[2026-09-26 23:46:15] Importing DSAKey.members#65.0-1788502602000-java.trap.gz (613 of 1074)
[2026-09-26 23:46:15] Importing DSAParams.members#65.0-1788502602000-java.trap.gz (614 of 1074)
[2026-09-26 23:46:15] Importing DSAPublicKey.members#65.0-1788502602000-java.trap.gz (615 of 1074)
[2026-09-26 23:46:15] Importing RSAKey.members#65.0-1788502602000-java.trap.gz (616 of 1074)
[2026-09-26 23:46:15] Importing RSAPublicKey.members#65.0-1788502602000-java.trap.gz (617 of 1074)
[2026-09-26 23:46:15] Importing AlgorithmParameterSpec.members#65.0-1788502602000-java.trap.gz (618 of 1074)
[2026-09-26 23:46:15] Importing DSAPublicKeySpec.members#65.0-1788502602000-java.trap.gz (619 of 1074)
[2026-09-26 23:46:15] Importing InvalidKeySpecException.members#65.0-1788502602000-java.trap.gz (620 of 1074)
[2026-09-26 23:46:15] Importing InvalidParameterSpecException.members#65.0-1788502602000-java.trap.gz (621 of 1074)
[2026-09-26 23:46:15] Importing KeySpec.members#65.0-1788502602000-java.trap.gz (622 of 1074)
[2026-09-26 23:46:15] Importing RSAPublicKeySpec.members#65.0-1788502602000-java.trap.gz (623 of 1074)
[2026-09-26 23:46:15] Importing AttributedCharacterIterator$Attribute.members#65.0-1788502602000-java.trap.gz (624 of 1074)
[2026-09-26 23:46:15] Importing AttributedCharacterIterator.members#65.0-1788502602000-java.trap.gz (625 of 1074)
[2026-09-26 23:46:15] Importing CharacterIterator.members#65.0-1788502602000-java.trap.gz (626 of 1074)
[2026-09-26 23:46:15] Importing FieldPosition.members#65.0-1788502602000-java.trap.gz (627 of 1074)
[2026-09-26 23:46:15] Importing Format$Field.members#65.0-1788502602000-java.trap.gz (628 of 1074)
[2026-09-26 23:46:15] Importing Format$FieldDelegate.members#65.0-1788502602000-java.trap.gz (629 of 1074)
[2026-09-26 23:46:15] Importing Format.members#65.0-1788502602000-java.trap.gz (630 of 1074)
[2026-09-26 23:46:15] Importing ParseException.members#65.0-1788502602000-java.trap.gz (631 of 1074)
[2026-09-26 23:46:15] Importing ParsePosition.members#65.0-1788502602000-java.trap.gz (632 of 1074)
[2026-09-26 23:46:15] Importing Clock.members#65.0-1788502602000-java.trap.gz (633 of 1074)
[2026-09-26 23:46:15] Importing DayOfWeek.members#65.0-1788502602000-java.trap.gz (634 of 1074)
[2026-09-26 23:46:15] Importing Duration.members#65.0-1788502602000-java.trap.gz (635 of 1074)
[2026-09-26 23:46:15] Importing Instant.members#65.0-1788502602000-java.trap.gz (636 of 1074)
[2026-09-26 23:46:15] Importing InstantSource.members#65.0-1788502602000-java.trap.gz (637 of 1074)
[2026-09-26 23:46:15] Importing LocalDate.members#65.0-1788502602000-java.trap.gz (638 of 1074)
[2026-09-26 23:46:15] Importing LocalDateTime.members#65.0-1788502602000-java.trap.gz (639 of 1074)
[2026-09-26 23:46:15] Importing LocalTime.members#65.0-1788502602000-java.trap.gz (640 of 1074)
[2026-09-26 23:46:15] Importing Month.members#65.0-1788502602000-java.trap.gz (641 of 1074)
[2026-09-26 23:46:15] Importing OffsetDateTime.members#65.0-1788502602000-java.trap.gz (642 of 1074)
[2026-09-26 23:46:15] Importing OffsetTime.members#65.0-1788502602000-java.trap.gz (643 of 1074)
[2026-09-26 23:46:15] Importing Period.members#65.0-1788502602000-java.trap.gz (644 of 1074)
[2026-09-26 23:46:15] Importing ZoneId.members#65.0-1788502602000-java.trap.gz (645 of 1074)
[2026-09-26 23:46:15] Importing ZoneOffset.members#65.0-1788502602000-java.trap.gz (646 of 1074)
[2026-09-26 23:46:15] Importing ZoneRegion.members#65.0-1788502602000-java.trap.gz (647 of 1074)
[2026-09-26 23:46:15] Importing ZonedDateTime.members#65.0-1788502602000-java.trap.gz (648 of 1074)
[2026-09-26 23:46:15] Importing AbstractChronology.members#65.0-1788502602000-java.trap.gz (649 of 1074)
[2026-09-26 23:46:15] Importing ChronoLocalDate.members#65.0-1788502602000-java.trap.gz (650 of 1074)
[2026-09-26 23:46:15] Importing ChronoLocalDateTime.members#65.0-1788502602000-java.trap.gz (651 of 1074)
[2026-09-26 23:46:15] Importing ChronoPeriod.members#65.0-1788502602000-java.trap.gz (652 of 1074)
[2026-09-26 23:46:15] Importing ChronoZonedDateTime.members#65.0-1788502602000-java.trap.gz (653 of 1074)
[2026-09-26 23:46:15] Importing Chronology.members#65.0-1788502602000-java.trap.gz (654 of 1074)
[2026-09-26 23:46:15] Importing Era.members#65.0-1788502602000-java.trap.gz (655 of 1074)
[2026-09-26 23:46:15] Importing IsoChronology.members#65.0-1788502602000-java.trap.gz (656 of 1074)
[2026-09-26 23:46:15] Importing IsoEra.members#65.0-1788502602000-java.trap.gz (657 of 1074)
[2026-09-26 23:46:15] Importing DateTimeFormatter.members#65.0-1788502602000-java.trap.gz (658 of 1074)
[2026-09-26 23:46:15] Importing DateTimeFormatterBuilder$CompositePrinterParser.members#65.0-1788502602000-java.trap.gz (659 of 1074)
[2026-09-26 23:46:15] Importing DateTimeFormatterBuilder$DateTimePrinterParser.members#65.0-1788502602000-java.trap.gz (660 of 1074)
[2026-09-26 23:46:15] Importing DateTimeFormatterBuilder$DayPeriod.members#65.0-1788502602000-java.trap.gz (661 of 1074)
[2026-09-26 23:46:15] Importing DateTimeFormatterBuilder.members#65.0-1788502602000-java.trap.gz (662 of 1074)
[2026-09-26 23:46:15] Importing DateTimeParseContext.members#65.0-1788502602000-java.trap.gz (663 of 1074)
[2026-09-26 23:46:15] Importing DateTimePrintContext.members#65.0-1788502602000-java.trap.gz (664 of 1074)
[2026-09-26 23:46:15] Importing DecimalStyle.members#65.0-1788502602000-java.trap.gz (665 of 1074)
[2026-09-26 23:46:15] Importing FormatStyle.members#65.0-1788502602000-java.trap.gz (666 of 1074)
[2026-09-26 23:46:15] Importing Parsed.members#65.0-1788502602000-java.trap.gz (667 of 1074)
[2026-09-26 23:46:15] Importing ResolverStyle.members#65.0-1788502602000-java.trap.gz (668 of 1074)
[2026-09-26 23:46:15] Importing SignStyle.members#65.0-1788502602000-java.trap.gz (669 of 1074)
[2026-09-26 23:46:15] Importing TextStyle.members#65.0-1788502602000-java.trap.gz (670 of 1074)
[2026-09-26 23:46:15] Importing ChronoField.members#65.0-1788502602000-java.trap.gz (671 of 1074)
[2026-09-26 23:46:15] Importing ChronoUnit.members#65.0-1788502602000-java.trap.gz (672 of 1074)
[2026-09-26 23:46:15] Importing Temporal.members#65.0-1788502602000-java.trap.gz (673 of 1074)
[2026-09-26 23:46:15] Importing TemporalAccessor.members#65.0-1788502602000-java.trap.gz (674 of 1074)
[2026-09-26 23:46:15] Importing TemporalAdjuster.members#65.0-1788502602000-java.trap.gz (675 of 1074)
[2026-09-26 23:46:15] Importing TemporalAmount.members#65.0-1788502602000-java.trap.gz (676 of 1074)
[2026-09-26 23:46:15] Importing TemporalField.members#65.0-1788502602000-java.trap.gz (677 of 1074)
[2026-09-26 23:46:15] Importing TemporalQuery.members#65.0-1788502602000-java.trap.gz (678 of 1074)
[2026-09-26 23:46:15] Importing TemporalUnit.members#65.0-1788502602000-java.trap.gz (679 of 1074)
[2026-09-26 23:46:15] Importing ValueRange.members#65.0-1788502602000-java.trap.gz (680 of 1074)
[2026-09-26 23:46:15] Importing ZoneOffsetTransition.members#65.0-1788502602000-java.trap.gz (681 of 1074)
[2026-09-26 23:46:15] Importing ZoneOffsetTransitionRule$TimeDefinition.members#65.0-1788502602000-java.trap.gz (682 of 1074)
[2026-09-26 23:46:15] Importing ZoneOffsetTransitionRule.members#65.0-1788502602000-java.trap.gz (683 of 1074)
[2026-09-26 23:46:15] Importing ZoneRules.members#65.0-1788502602000-java.trap.gz (684 of 1074)
[2026-09-26 23:46:15] Importing AbstractCollection.members#65.0-1788502602000-java.trap.gz (685 of 1074)
[2026-09-26 23:46:15] Importing AbstractMap.members#65.0-1788502602000-java.trap.gz (686 of 1074)
[2026-09-26 23:46:15] Importing AbstractSet.members#65.0-1788502602000-java.trap.gz (687 of 1074)
[2026-09-26 23:46:15] Importing Arrays.members#65.0-1788502602000-java.trap.gz (688 of 1074)
[2026-09-26 23:46:15] Importing Base64$Decoder.members#65.0-1788502602000-java.trap.gz (689 of 1074)
[2026-09-26 23:46:15] Importing Base64$Encoder.members#65.0-1788502602000-java.trap.gz (690 of 1074)
[2026-09-26 23:46:15] Importing Base64.members#65.0-1788502602000-java.trap.gz (691 of 1074)
[2026-09-26 23:46:15] Importing Collection.members#65.0-1788502602000-java.trap.gz (692 of 1074)
[2026-09-26 23:46:15] Importing Comparator.members#65.0-1788502602000-java.trap.gz (693 of 1074)
[2026-09-26 23:46:15] Importing Date.members#65.0-1788502602000-java.trap.gz (694 of 1074)
[2026-09-26 23:46:15] Importing Dictionary.members#65.0-1788502602000-java.trap.gz (695 of 1074)
[2026-09-26 23:46:15] Importing DoubleSummaryStatistics.members#65.0-1788502602000-java.trap.gz (696 of 1074)
[2026-09-26 23:46:15] Importing EnumSet.members#65.0-1788502602000-java.trap.gz (697 of 1074)
[2026-09-26 23:46:15] Importing Enumeration.members#65.0-1788502602000-java.trap.gz (698 of 1074)
[2026-09-26 23:46:15] Importing HashMap$Node.members#65.0-1788502602000-java.trap.gz (699 of 1074)
[2026-09-26 23:46:15] Importing HashMap$TreeNode.members#65.0-1788502602000-java.trap.gz (700 of 1074)
[2026-09-26 23:46:15] Importing HashMap.members#65.0-1788502602000-java.trap.gz (701 of 1074)
[2026-09-26 23:46:15] Importing HashSet.members#65.0-1788502602000-java.trap.gz (702 of 1074)
[2026-09-26 23:46:15] Importing Hashtable.members#65.0-1788502602000-java.trap.gz (703 of 1074)
[2026-09-26 23:46:15] Importing HexFormat.members#65.0-1788502602000-java.trap.gz (704 of 1074)
[2026-09-26 23:46:15] Importing IntSummaryStatistics.members#65.0-1788502602000-java.trap.gz (705 of 1074)
[2026-09-26 23:46:15] Importing InvalidPropertiesFormatException.members#65.0-1788502602000-java.trap.gz (706 of 1074)
[2026-09-26 23:46:15] Importing Iterator.members#65.0-1788502602000-java.trap.gz (707 of 1074)
[2026-09-26 23:46:15] Importing JumboEnumSet.members#65.0-1788502602000-java.trap.gz (708 of 1074)
[2026-09-26 23:46:15] Importing LinkedHashMap$Entry.members#65.0-1788502602000-java.trap.gz (709 of 1074)
[2026-09-26 23:46:15] Importing LinkedHashMap.members#65.0-1788502602000-java.trap.gz (710 of 1074)
[2026-09-26 23:46:15] Importing List.members#65.0-1788502602000-java.trap.gz (711 of 1074)
[2026-09-26 23:46:15] Importing ListIterator.members#65.0-1788502602000-java.trap.gz (712 of 1074)
[2026-09-26 23:46:15] Importing Locale$Category.members#65.0-1788502602000-java.trap.gz (713 of 1074)
[2026-09-26 23:46:15] Importing Locale$FilteringMode.members#65.0-1788502602000-java.trap.gz (714 of 1074)
[2026-09-26 23:46:15] Importing Locale$IsoCountryCode.members#65.0-1788502602000-java.trap.gz (715 of 1074)
[2026-09-26 23:46:15] Importing Locale$LanguageRange.members#65.0-1788502602000-java.trap.gz (716 of 1074)
[2026-09-26 23:46:15] Importing Locale.members#65.0-1788502602000-java.trap.gz (717 of 1074)
[2026-09-26 23:46:15] Importing LongSummaryStatistics.members#65.0-1788502602000-java.trap.gz (718 of 1074)
[2026-09-26 23:46:15] Importing Map$Entry.members#65.0-1788502602000-java.trap.gz (719 of 1074)
[2026-09-26 23:46:15] Importing Map.members#65.0-1788502602000-java.trap.gz (720 of 1074)
[2026-09-26 23:46:15] Importing MissingResourceException.members#65.0-1788502602000-java.trap.gz (721 of 1074)
[2026-09-26 23:46:15] Importing Optional.members#65.0-1788502602000-java.trap.gz (722 of 1074)
[2026-09-26 23:46:15] Importing OptionalDouble.members#65.0-1788502602000-java.trap.gz (723 of 1074)
[2026-09-26 23:46:15] Importing OptionalInt.members#65.0-1788502602000-java.trap.gz (724 of 1074)
[2026-09-26 23:46:15] Importing OptionalLong.members#65.0-1788502602000-java.trap.gz (725 of 1074)
[2026-09-26 23:46:15] Importing PrimitiveIterator$OfDouble.members#65.0-1788502602000-java.trap.gz (726 of 1074)
[2026-09-26 23:46:15] Importing PrimitiveIterator$OfInt.members#65.0-1788502602000-java.trap.gz (727 of 1074)
[2026-09-26 23:46:15] Importing PrimitiveIterator$OfLong.members#65.0-1788502602000-java.trap.gz (728 of 1074)
[2026-09-26 23:46:15] Importing PrimitiveIterator.members#65.0-1788502602000-java.trap.gz (729 of 1074)
[2026-09-26 23:46:15] Importing Properties.members#65.0-1788502602000-java.trap.gz (730 of 1074)
[2026-09-26 23:46:15] Importing Random.members#65.0-1788502602000-java.trap.gz (731 of 1074)
[2026-09-26 23:46:15] Importing RegularEnumSet.members#65.0-1788502602000-java.trap.gz (732 of 1074)
[2026-09-26 23:46:15] Importing ResourceBundle$Control.members#65.0-1788502602000-java.trap.gz (733 of 1074)
[2026-09-26 23:46:15] Importing ResourceBundle.members#65.0-1788502602000-java.trap.gz (734 of 1074)
[2026-09-26 23:46:15] Importing SequencedCollection.members#65.0-1788502602000-java.trap.gz (735 of 1074)
[2026-09-26 23:46:15] Importing SequencedMap.members#65.0-1788502602000-java.trap.gz (736 of 1074)
[2026-09-26 23:46:15] Importing SequencedSet.members#65.0-1788502602000-java.trap.gz (737 of 1074)
[2026-09-26 23:46:15] Importing Set.members#65.0-1788502602000-java.trap.gz (738 of 1074)
[2026-09-26 23:46:15] Importing SortedMap.members#65.0-1788502602000-java.trap.gz (739 of 1074)
[2026-09-26 23:46:15] Importing Spliterator$OfDouble.members#65.0-1788502602000-java.trap.gz (740 of 1074)
[2026-09-26 23:46:15] Importing Spliterator$OfInt.members#65.0-1788502602000-java.trap.gz (741 of 1074)
[2026-09-26 23:46:15] Importing Spliterator$OfLong.members#65.0-1788502602000-java.trap.gz (742 of 1074)
[2026-09-26 23:46:15] Importing Spliterator$OfPrimitive.members#65.0-1788502602000-java.trap.gz (743 of 1074)
[2026-09-26 23:46:15] Importing Spliterator.members#65.0-1788502602000-java.trap.gz (744 of 1074)
[2026-09-26 23:46:15] Importing WeakHashMap$Entry.members#65.0-1788502602000-java.trap.gz (745 of 1074)
[2026-09-26 23:46:15] Importing WeakHashMap.members#65.0-1788502602000-java.trap.gz (746 of 1074)
[2026-09-26 23:46:15] Importing AbstractExecutorService.members#65.0-1788502602000-java.trap.gz (747 of 1074)
[2026-09-26 23:46:15] Importing Callable.members#65.0-1788502602000-java.trap.gz (748 of 1074)
[2026-09-26 23:46:15] Importing CompletableFuture$AltResult.members#65.0-1788502602000-java.trap.gz (749 of 1074)
[2026-09-26 23:46:15] Importing CompletableFuture$AsynchronousCompletionTask.members#65.0-1788502602000-java.trap.gz (750 of 1074)
[2026-09-26 23:46:15] Importing CompletableFuture$BiAccept.members#65.0-1788502602000-java.trap.gz (751 of 1074)
[2026-09-26 23:46:15] Importing CompletableFuture$BiApply.members#65.0-1788502602000-java.trap.gz (752 of 1074)
[2026-09-26 23:46:15] Importing CompletableFuture$BiCompletion.members#65.0-1788502602000-java.trap.gz (753 of 1074)
[2026-09-26 23:46:15] Importing CompletableFuture$BiRun.members#65.0-1788502602000-java.trap.gz (754 of 1074)
[2026-09-26 23:46:15] Importing CompletableFuture$Completion.members#65.0-1788502602000-java.trap.gz (755 of 1074)
[2026-09-26 23:46:15] Importing CompletableFuture$UniCompletion.members#65.0-1788502602000-java.trap.gz (756 of 1074)
[2026-09-26 23:46:15] Importing CompletableFuture$UniExceptionally.members#65.0-1788502602000-java.trap.gz (757 of 1074)
[2026-09-26 23:46:15] Importing CompletableFuture$UniHandle.members#65.0-1788502602000-java.trap.gz (758 of 1074)
[2026-09-26 23:46:15] Importing CompletableFuture$UniWhenComplete.members#65.0-1788502602000-java.trap.gz (759 of 1074)
[2026-09-26 23:46:15] Importing CompletableFuture.members#65.0-1788502602000-java.trap.gz (760 of 1074)
[2026-09-26 23:46:15] Importing CompletionException.members#65.0-1788502602000-java.trap.gz (761 of 1074)
[2026-09-26 23:46:15] Importing CompletionStage.members#65.0-1788502602000-java.trap.gz (762 of 1074)
[2026-09-26 23:46:15] Importing ConcurrentHashMap$CollectionView.members#65.0-1788502602000-java.trap.gz (763 of 1074)
[2026-09-26 23:46:15] Importing ConcurrentHashMap$EntrySetView.members#65.0-1788502602000-java.trap.gz (764 of 1074)
[2026-09-26 23:46:15] Importing ConcurrentHashMap$KeySetView.members#65.0-1788502602000-java.trap.gz (765 of 1074)
[2026-09-26 23:46:15] Importing ConcurrentHashMap$Node.members#65.0-1788502602000-java.trap.gz (766 of 1074)
[2026-09-26 23:46:15] Importing ConcurrentHashMap$ValuesView.members#65.0-1788502602000-java.trap.gz (767 of 1074)
[2026-09-26 23:46:15] Importing ConcurrentHashMap.members#65.0-1788502602000-java.trap.gz (768 of 1074)
[2026-09-26 23:46:15] Importing ConcurrentMap.members#65.0-1788502602000-java.trap.gz (769 of 1074)
[2026-09-26 23:46:15] Importing ExecutionException.members#65.0-1788502602000-java.trap.gz (770 of 1074)
[2026-09-26 23:46:15] Importing Executor.members#65.0-1788502602000-java.trap.gz (771 of 1074)
[2026-09-26 23:46:15] Importing ExecutorService.members#65.0-1788502602000-java.trap.gz (772 of 1074)
[2026-09-26 23:46:15] Importing ForkJoinPool$ForkJoinWorkerThreadFactory.members#65.0-1788502602000-java.trap.gz (773 of 1074)
[2026-09-26 23:46:15] Importing ForkJoinPool$ManagedBlocker.members#65.0-1788502602000-java.trap.gz (774 of 1074)
[2026-09-26 23:46:15] Importing ForkJoinPool$WorkQueue.members#65.0-1788502602000-java.trap.gz (775 of 1074)
[2026-09-26 23:46:15] Importing ForkJoinPool.members#65.0-1788502602000-java.trap.gz (776 of 1074)
[2026-09-26 23:46:15] Importing ForkJoinTask.members#65.0-1788502602000-java.trap.gz (777 of 1074)
[2026-09-26 23:46:15] Importing ForkJoinWorkerThread.members#65.0-1788502602000-java.trap.gz (778 of 1074)
[2026-09-26 23:46:15] Importing Future$State.members#65.0-1788502602000-java.trap.gz (779 of 1074)
[2026-09-26 23:46:15] Importing Future.members#65.0-1788502602000-java.trap.gz (780 of 1074)
[2026-09-26 23:46:15] Importing RunnableFuture.members#65.0-1788502602000-java.trap.gz (781 of 1074)
[2026-09-26 23:46:15] Importing ThreadFactory.members#65.0-1788502602000-java.trap.gz (782 of 1074)
[2026-09-26 23:46:15] Importing TimeUnit.members#65.0-1788502602000-java.trap.gz (783 of 1074)
[2026-09-26 23:46:15] Importing TimeoutException.members#65.0-1788502602000-java.trap.gz (784 of 1074)
[2026-09-26 23:46:15] Importing Condition.members#65.0-1788502602000-java.trap.gz (785 of 1074)
[2026-09-26 23:46:15] Importing Lock.members#65.0-1788502602000-java.trap.gz (786 of 1074)
[2026-09-26 23:46:15] Importing ReentrantLock.members#65.0-1788502602000-java.trap.gz (787 of 1074)
[2026-09-26 23:46:15] Importing BiConsumer.members#65.0-1788502602000-java.trap.gz (788 of 1074)
[2026-09-26 23:46:15] Importing BiFunction.members#65.0-1788502602000-java.trap.gz (789 of 1074)
[2026-09-26 23:46:15] Importing BinaryOperator.members#65.0-1788502602000-java.trap.gz (790 of 1074)
[2026-09-26 23:46:15] Importing BooleanSupplier.members#65.0-1788502602000-java.trap.gz (791 of 1074)
[2026-09-26 23:46:15] Importing Consumer.members#65.0-1788502602000-java.trap.gz (792 of 1074)
[2026-09-26 23:46:15] Importing DoubleBinaryOperator.members#65.0-1788502602000-java.trap.gz (793 of 1074)
[2026-09-26 23:46:15] Importing DoubleConsumer.members#65.0-1788502602000-java.trap.gz (794 of 1074)
[2026-09-26 23:46:15] Importing DoubleFunction.members#65.0-1788502602000-java.trap.gz (795 of 1074)
[2026-09-26 23:46:15] Importing DoublePredicate.members#65.0-1788502602000-java.trap.gz (796 of 1074)
[2026-09-26 23:46:15] Importing DoubleSupplier.members#65.0-1788502602000-java.trap.gz (797 of 1074)
[2026-09-26 23:46:15] Importing DoubleToIntFunction.members#65.0-1788502602000-java.trap.gz (798 of 1074)
[2026-09-26 23:46:15] Importing DoubleToLongFunction.members#65.0-1788502602000-java.trap.gz (799 of 1074)
[2026-09-26 23:46:15] Importing DoubleUnaryOperator.members#65.0-1788502602000-java.trap.gz (800 of 1074)
[2026-09-26 23:46:15] Importing Function.members#65.0-1788502602000-java.trap.gz (801 of 1074)
[2026-09-26 23:46:15] Importing IntBinaryOperator.members#65.0-1788502602000-java.trap.gz (802 of 1074)
[2026-09-26 23:46:15] Importing IntConsumer.members#65.0-1788502602000-java.trap.gz (803 of 1074)
[2026-09-26 23:46:15] Importing IntFunction.members#65.0-1788502602000-java.trap.gz (804 of 1074)
[2026-09-26 23:46:15] Importing IntPredicate.members#65.0-1788502602000-java.trap.gz (805 of 1074)
[2026-09-26 23:46:15] Importing IntSupplier.members#65.0-1788502602000-java.trap.gz (806 of 1074)
[2026-09-26 23:46:15] Importing IntToDoubleFunction.members#65.0-1788502602000-java.trap.gz (807 of 1074)
[2026-09-26 23:46:15] Importing IntToLongFunction.members#65.0-1788502602000-java.trap.gz (808 of 1074)
[2026-09-26 23:46:15] Importing IntUnaryOperator.members#65.0-1788502602000-java.trap.gz (809 of 1074)
[2026-09-26 23:46:15] Importing LongBinaryOperator.members#65.0-1788502602000-java.trap.gz (810 of 1074)
[2026-09-26 23:46:15] Importing LongConsumer.members#65.0-1788502602000-java.trap.gz (811 of 1074)
[2026-09-26 23:46:15] Importing LongFunction.members#65.0-1788502602000-java.trap.gz (812 of 1074)
[2026-09-26 23:46:15] Importing LongPredicate.members#65.0-1788502602000-java.trap.gz (813 of 1074)
[2026-09-26 23:46:15] Importing LongSupplier.members#65.0-1788502602000-java.trap.gz (814 of 1074)
[2026-09-26 23:46:15] Importing LongToDoubleFunction.members#65.0-1788502602000-java.trap.gz (815 of 1074)
[2026-09-26 23:46:15] Importing LongToIntFunction.members#65.0-1788502602000-java.trap.gz (816 of 1074)
[2026-09-26 23:46:15] Importing LongUnaryOperator.members#65.0-1788502602000-java.trap.gz (817 of 1074)
[2026-09-26 23:46:15] Importing ObjDoubleConsumer.members#65.0-1788502602000-java.trap.gz (818 of 1074)
[2026-09-26 23:46:15] Importing ObjIntConsumer.members#65.0-1788502602000-java.trap.gz (819 of 1074)
[2026-09-26 23:46:15] Importing ObjLongConsumer.members#65.0-1788502602000-java.trap.gz (820 of 1074)
[2026-09-26 23:46:15] Importing Predicate.members#65.0-1788502602000-java.trap.gz (821 of 1074)
[2026-09-26 23:46:15] Importing Supplier.members#65.0-1788502602000-java.trap.gz (822 of 1074)
[2026-09-26 23:46:15] Importing ToDoubleBiFunction.members#65.0-1788502602000-java.trap.gz (823 of 1074)
[2026-09-26 23:46:15] Importing ToDoubleFunction.members#65.0-1788502602000-java.trap.gz (824 of 1074)
[2026-09-26 23:46:15] Importing ToIntBiFunction.members#65.0-1788502602000-java.trap.gz (825 of 1074)
[2026-09-26 23:46:15] Importing ToIntFunction.members#65.0-1788502602000-java.trap.gz (826 of 1074)
[2026-09-26 23:46:15] Importing ToLongBiFunction.members#65.0-1788502602000-java.trap.gz (827 of 1074)
[2026-09-26 23:46:15] Importing ToLongFunction.members#65.0-1788502602000-java.trap.gz (828 of 1074)
[2026-09-26 23:46:15] Importing UnaryOperator.members#65.0-1788502602000-java.trap.gz (829 of 1074)
[2026-09-26 23:46:15] Importing RandomGenerator.members#65.0-1788502602000-java.trap.gz (830 of 1074)
[2026-09-26 23:46:15] Importing BaseStream.members#65.0-1788502602000-java.trap.gz (831 of 1074)
[2026-09-26 23:46:15] Importing Collector$Characteristics.members#65.0-1788502602000-java.trap.gz (832 of 1074)
[2026-09-26 23:46:15] Importing Collector.members#65.0-1788502602000-java.trap.gz (833 of 1074)
[2026-09-26 23:46:15] Importing DoubleStream$Builder.members#65.0-1788502602000-java.trap.gz (834 of 1074)
[2026-09-26 23:46:15] Importing DoubleStream$DoubleMapMultiConsumer.members#65.0-1788502602000-java.trap.gz (835 of 1074)
[2026-09-26 23:46:15] Importing DoubleStream.members#65.0-1788502602000-java.trap.gz (836 of 1074)
[2026-09-26 23:46:15] Importing IntStream$Builder.members#65.0-1788502602000-java.trap.gz (837 of 1074)
[2026-09-26 23:46:15] Importing IntStream$IntMapMultiConsumer.members#65.0-1788502602000-java.trap.gz (838 of 1074)
[2026-09-26 23:46:15] Importing IntStream.members#65.0-1788502602000-java.trap.gz (839 of 1074)
[2026-09-26 23:46:15] Importing LongStream$Builder.members#65.0-1788502602000-java.trap.gz (840 of 1074)
[2026-09-26 23:46:15] Importing LongStream$LongMapMultiConsumer.members#65.0-1788502602000-java.trap.gz (841 of 1074)
[2026-09-26 23:46:15] Importing LongStream.members#65.0-1788502602000-java.trap.gz (842 of 1074)
[2026-09-26 23:46:15] Importing Stream$Builder.members#65.0-1788502602000-java.trap.gz (843 of 1074)
[2026-09-26 23:46:15] Importing Stream.members#65.0-1788502602000-java.trap.gz (844 of 1074)
[2026-09-26 23:46:15] Importing ManagerFactoryParameters.members#65.0-1788502602000-java.trap.gz (845 of 1074)
[2026-09-26 23:46:15] Importing TrustManager.members#65.0-1788502602000-java.trap.gz (846 of 1074)
[2026-09-26 23:46:15] Importing TrustManagerFactory.members#65.0-1788502602000-java.trap.gz (847 of 1074)
[2026-09-26 23:46:15] Importing TrustManagerFactorySpi.members#65.0-1788502602000-java.trap.gz (848 of 1074)
[2026-09-26 23:46:15] Importing X509TrustManager.members#65.0-1788502602000-java.trap.gz (849 of 1074)
[2026-09-26 23:46:15] Importing DestroyFailedException.members#65.0-1788502602000-java.trap.gz (850 of 1074)
[2026-09-26 23:46:15] Importing Destroyable.members#65.0-1788502602000-java.trap.gz (851 of 1074)
[2026-09-26 23:46:15] Importing Subject.members#65.0-1788502602000-java.trap.gz (852 of 1074)
[2026-09-26 23:46:15] Importing X500Principal.members#65.0-1788502602000-java.trap.gz (853 of 1074)
[2026-09-26 23:46:15] Importing ValueBased.members#65.0-1788502602000-java.trap.gz (854 of 1074)
[2026-09-26 23:46:15] Importing JavaNioAccess.members#65.0-1788502602000-java.trap.gz (855 of 1074)
[2026-09-26 23:46:15] Importing UnmapperProxy.members#65.0-1788502602000-java.trap.gz (856 of 1074)
[2026-09-26 23:46:15] Importing AbstractMemorySegmentImpl.members#65.0-1788502602000-java.trap.gz (857 of 1074)
[2026-09-26 23:46:15] Importing ConfinedSession.members#65.0-1788502602000-java.trap.gz (858 of 1074)
[2026-09-26 23:46:15] Importing GlobalSession.members#65.0-1788502602000-java.trap.gz (859 of 1074)
[2026-09-26 23:46:15] Importing HeapMemorySegmentImpl$OfByte.members#65.0-1788502602000-java.trap.gz (860 of 1074)
[2026-09-26 23:46:15] Importing HeapMemorySegmentImpl$OfChar.members#65.0-1788502602000-java.trap.gz (861 of 1074)
[2026-09-26 23:46:15] Importing HeapMemorySegmentImpl$OfDouble.members#65.0-1788502602000-java.trap.gz (862 of 1074)
[2026-09-26 23:46:15] Importing HeapMemorySegmentImpl$OfFloat.members#65.0-1788502602000-java.trap.gz (863 of 1074)
[2026-09-26 23:46:15] Importing HeapMemorySegmentImpl$OfInt.members#65.0-1788502602000-java.trap.gz (864 of 1074)
[2026-09-26 23:46:15] Importing HeapMemorySegmentImpl$OfLong.members#65.0-1788502602000-java.trap.gz (865 of 1074)
[2026-09-26 23:46:15] Importing HeapMemorySegmentImpl$OfShort.members#65.0-1788502602000-java.trap.gz (866 of 1074)
[2026-09-26 23:46:15] Importing HeapMemorySegmentImpl.members#65.0-1788502602000-java.trap.gz (867 of 1074)
[2026-09-26 23:46:15] Importing ImplicitSession.members#65.0-1788502602000-java.trap.gz (868 of 1074)
[2026-09-26 23:46:15] Importing LayoutPath$PathElementImpl$PathKind.members#65.0-1788502602000-java.trap.gz (869 of 1074)
[2026-09-26 23:46:15] Importing LayoutPath$PathElementImpl.members#65.0-1788502602000-java.trap.gz (870 of 1074)
[2026-09-26 23:46:15] Importing LayoutPath.members#65.0-1788502602000-java.trap.gz (871 of 1074)
[2026-09-26 23:46:15] Importing MappedMemorySegmentImpl.members#65.0-1788502602000-java.trap.gz (872 of 1074)
[2026-09-26 23:46:15] Importing MemorySessionImpl$ResourceList$ResourceCleanup.members#65.0-1788502602000-java.trap.gz (873 of 1074)
[2026-09-26 23:46:15] Importing MemorySessionImpl$ResourceList.members#65.0-1788502602000-java.trap.gz (874 of 1074)
[2026-09-26 23:46:15] Importing MemorySessionImpl.members#65.0-1788502602000-java.trap.gz (875 of 1074)
[2026-09-26 23:46:15] Importing NativeMemorySegmentImpl.members#65.0-1788502602000-java.trap.gz (876 of 1074)
[2026-09-26 23:46:15] Importing SharedSession.members#65.0-1788502602000-java.trap.gz (877 of 1074)
[2026-09-26 23:46:15] Importing ABIDescriptor.members#65.0-1788502602000-java.trap.gz (878 of 1074)
[2026-09-26 23:46:15] Importing Architecture.members#65.0-1788502602000-java.trap.gz (879 of 1074)
[2026-09-26 23:46:15] Importing NativeEntryPoint.members#65.0-1788502602000-java.trap.gz (880 of 1074)
[2026-09-26 23:46:15] Importing VMStorage.members#65.0-1788502602000-java.trap.gz (881 of 1074)
[2026-09-26 23:46:15] Importing AbstractGroupLayout$Kind.members#65.0-1788502602000-java.trap.gz (882 of 1074)
[2026-09-26 23:46:15] Importing AbstractGroupLayout.members#65.0-1788502602000-java.trap.gz (883 of 1074)
[2026-09-26 23:46:15] Importing AbstractLayout.members#65.0-1788502602000-java.trap.gz (884 of 1074)
[2026-09-26 23:46:15] Importing PaddingLayoutImpl.members#65.0-1788502602000-java.trap.gz (885 of 1074)
[2026-09-26 23:46:15] Importing SequenceLayoutImpl.members#65.0-1788502602000-java.trap.gz (886 of 1074)
[2026-09-26 23:46:15] Importing StructLayoutImpl.members#65.0-1788502602000-java.trap.gz (887 of 1074)
[2026-09-26 23:46:15] Importing UnionLayoutImpl.members#65.0-1788502602000-java.trap.gz (888 of 1074)
[2026-09-26 23:46:15] Importing ValueLayouts$AbstractValueLayout.members#65.0-1788502602000-java.trap.gz (889 of 1074)
[2026-09-26 23:46:15] Importing ValueLayouts$OfAddressImpl.members#65.0-1788502602000-java.trap.gz (890 of 1074)
[2026-09-26 23:46:15] Importing ValueLayouts$OfBooleanImpl.members#65.0-1788502602000-java.trap.gz (891 of 1074)
[2026-09-26 23:46:15] Importing ValueLayouts$OfByteImpl.members#65.0-1788502602000-java.trap.gz (892 of 1074)
[2026-09-26 23:46:15] Importing ValueLayouts$OfCharImpl.members#65.0-1788502602000-java.trap.gz (893 of 1074)
[2026-09-26 23:46:15] Importing ValueLayouts$OfDoubleImpl.members#65.0-1788502602000-java.trap.gz (894 of 1074)
[2026-09-26 23:46:15] Importing ValueLayouts$OfFloatImpl.members#65.0-1788502602000-java.trap.gz (895 of 1074)
[2026-09-26 23:46:15] Importing ValueLayouts$OfIntImpl.members#65.0-1788502602000-java.trap.gz (896 of 1074)
[2026-09-26 23:46:15] Importing ValueLayouts$OfLongImpl.members#65.0-1788502602000-java.trap.gz (897 of 1074)
[2026-09-26 23:46:15] Importing ValueLayouts$OfShortImpl.members#65.0-1788502602000-java.trap.gz (898 of 1074)
[2026-09-26 23:46:15] Importing ValueLayouts.members#65.0-1788502602000-java.trap.gz (899 of 1074)
[2026-09-26 23:46:15] Importing JdkConsole.members#65.0-1788502602000-java.trap.gz (900 of 1074)
[2026-09-26 23:46:15] Importing PreviewFeature$Feature.members#65.0-1788502602000-java.trap.gz (901 of 1074)
[2026-09-26 23:46:15] Importing PreviewFeature$JEP.members#65.0-1788502602000-java.trap.gz (902 of 1074)
[2026-09-26 23:46:15] Importing PreviewFeature.members#65.0-1788502602000-java.trap.gz (903 of 1074)
[2026-09-26 23:46:15] Importing NativeLibrary.members#65.0-1788502602000-java.trap.gz (904 of 1074)
[2026-09-26 23:46:15] Importing ScopedMemoryAccess$Scoped.members#65.0-1788502602000-java.trap.gz (905 of 1074)
[2026-09-26 23:46:15] Importing ScopedMemoryAccess$ScopedAccessError.members#65.0-1788502602000-java.trap.gz (906 of 1074)
[2026-09-26 23:46:15] Importing ScopedMemoryAccess.members#65.0-1788502602000-java.trap.gz (907 of 1074)
[2026-09-26 23:46:15] Importing Unsafe.members#65.0-1788502602000-java.trap.gz (908 of 1074)
[2026-09-26 23:46:15] Importing VM$BufferPool.members#65.0-1788502602000-java.trap.gz (909 of 1074)
[2026-09-26 23:46:15] Importing VM.members#65.0-1788502602000-java.trap.gz (910 of 1074)
[2026-09-26 23:46:15] Importing ServicesCatalog$ServiceProvider.members#65.0-1788502602000-java.trap.gz (911 of 1074)
[2026-09-26 23:46:15] Importing ServicesCatalog.members#65.0-1788502602000-java.trap.gz (912 of 1074)
[2026-09-26 23:46:15] Importing Cleaner.members#65.0-1788502602000-java.trap.gz (913 of 1074)
[2026-09-26 23:46:15] Importing CleanerImpl.members#65.0-1788502602000-java.trap.gz (914 of 1074)
[2026-09-26 23:46:15] Importing PhantomCleanable.members#65.0-1788502602000-java.trap.gz (915 of 1074)
[2026-09-26 23:46:15] Importing CallerSensitive.members#65.0-1788502602000-java.trap.gz (916 of 1074)
[2026-09-26 23:46:15] Importing ConstantPool$Tag.members#65.0-1788502602000-java.trap.gz (917 of 1074)
[2026-09-26 23:46:15] Importing ConstantPool.members#65.0-1788502602000-java.trap.gz (918 of 1074)
[2026-09-26 23:46:15] Importing ConstructorAccessor.members#65.0-1788502602000-java.trap.gz (919 of 1074)
[2026-09-26 23:46:15] Importing FieldAccessor.members#65.0-1788502602000-java.trap.gz (920 of 1074)
[2026-09-26 23:46:15] Importing MagicAccessorImpl.members#65.0-1788502602000-java.trap.gz (921 of 1074)
[2026-09-26 23:46:15] Importing MethodAccessor.members#65.0-1788502602000-java.trap.gz (922 of 1074)
[2026-09-26 23:46:15] Importing MethodAccessorImpl.members#65.0-1788502602000-java.trap.gz (923 of 1074)
[2026-09-26 23:46:15] Importing ReflectionFactory.members#65.0-1788502602000-java.trap.gz (924 of 1074)
[2026-09-26 23:46:15] Importing ClassFileDumper.members#65.0-1788502602000-java.trap.gz (925 of 1074)
[2026-09-26 23:46:15] Importing ReferenceKey.members#65.0-1788502602000-java.trap.gz (926 of 1074)
[2026-09-26 23:46:15] Importing ReferencedKeyMap.members#65.0-1788502602000-java.trap.gz (927 of 1074)
[2026-09-26 23:46:15] Importing ReferencedKeySet.members#65.0-1788502602000-java.trap.gz (928 of 1074)
[2026-09-26 23:46:15] Importing SoftReferenceKey.members#65.0-1788502602000-java.trap.gz (929 of 1074)
[2026-09-26 23:46:15] Importing StrongReferenceKey.members#65.0-1788502602000-java.trap.gz (930 of 1074)
[2026-09-26 23:46:15] Importing WeakReferenceKey.members#65.0-1788502602000-java.trap.gz (931 of 1074)
[2026-09-26 23:46:15] Importing RandomSupport$RandomGeneratorProperties.members#65.0-1788502602000-java.trap.gz (932 of 1074)
[2026-09-26 23:46:15] Importing RandomSupport.members#65.0-1788502602000-java.trap.gz (933 of 1074)
[2026-09-26 23:46:15] Importing Continuation$Pinned.members#65.0-1788502602000-java.trap.gz (934 of 1074)
[2026-09-26 23:46:15] Importing Continuation$PreemptStatus.members#65.0-1788502602000-java.trap.gz (935 of 1074)
[2026-09-26 23:46:15] Importing Continuation.members#65.0-1788502602000-java.trap.gz (936 of 1074)
[2026-09-26 23:46:15] Importing ContinuationScope.members#65.0-1788502602000-java.trap.gz (937 of 1074)
[2026-09-26 23:46:15] Importing ScopedValueContainer$BindingsSnapshot.members#65.0-1788502602000-java.trap.gz (938 of 1074)
[2026-09-26 23:46:15] Importing ScopedValueContainer.members#65.0-1788502602000-java.trap.gz (939 of 1074)
[2026-09-26 23:46:15] Importing SharedThreadContainer.members#65.0-1788502602000-java.trap.gz (940 of 1074)
[2026-09-26 23:46:15] Importing StackableScope.members#65.0-1788502602000-java.trap.gz (941 of 1074)
[2026-09-26 23:46:15] Importing ThreadContainer.members#65.0-1788502602000-java.trap.gz (942 of 1074)
[2026-09-26 23:46:15] Importing Contended.members#65.0-1788502602000-java.trap.gz (943 of 1074)
[2026-09-26 23:46:15] Importing DontInline.members#65.0-1788502602000-java.trap.gz (944 of 1074)
[2026-09-26 23:46:15] Importing ForceInline.members#65.0-1788502602000-java.trap.gz (945 of 1074)
[2026-09-26 23:46:15] Importing Hidden.members#65.0-1788502602000-java.trap.gz (946 of 1074)
[2026-09-26 23:46:15] Importing IntrinsicCandidate.members#65.0-1788502602000-java.trap.gz (947 of 1074)
[2026-09-26 23:46:15] Importing ReservedStackAccess.members#65.0-1788502602000-java.trap.gz (948 of 1074)
[2026-09-26 23:46:15] Importing Stable.members#65.0-1788502602000-java.trap.gz (949 of 1074)
[2026-09-26 23:46:15] Importing VectorSupport$BinaryOperation.members#65.0-1788502602000-java.trap.gz (950 of 1074)
[2026-09-26 23:46:15] Importing VectorSupport$CompressExpandOperation.members#65.0-1788502602000-java.trap.gz (951 of 1074)
[2026-09-26 23:46:15] Importing VectorSupport$FromBitsCoercedOperation.members#65.0-1788502602000-java.trap.gz (952 of 1074)
[2026-09-26 23:46:15] Importing VectorSupport$IndexOperation.members#65.0-1788502602000-java.trap.gz (953 of 1074)
[2026-09-26 23:46:15] Importing VectorSupport$IndexPartiallyInUpperRangeOperation.members#65.0-1788502602000-java.trap.gz (954 of 1074)
[2026-09-26 23:46:15] Importing VectorSupport$LoadOperation.members#65.0-1788502602000-java.trap.gz (955 of 1074)
[2026-09-26 23:46:15] Importing VectorSupport$LoadVectorMaskedOperation.members#65.0-1788502602000-java.trap.gz (956 of 1074)
[2026-09-26 23:46:15] Importing VectorSupport$LoadVectorOperationWithMap.members#65.0-1788502602000-java.trap.gz (957 of 1074)
[2026-09-26 23:46:15] Importing VectorSupport$ReductionOperation.members#65.0-1788502602000-java.trap.gz (958 of 1074)
[2026-09-26 23:46:15] Importing VectorSupport$ShuffleIotaOperation.members#65.0-1788502602000-java.trap.gz (959 of 1074)
[2026-09-26 23:46:15] Importing VectorSupport$ShuffleToVectorOperation.members#65.0-1788502602000-java.trap.gz (960 of 1074)
[2026-09-26 23:46:15] Importing VectorSupport$StoreVectorMaskedOperation.members#65.0-1788502602000-java.trap.gz (961 of 1074)
[2026-09-26 23:46:15] Importing VectorSupport$StoreVectorOperation.members#65.0-1788502602000-java.trap.gz (962 of 1074)
[2026-09-26 23:46:15] Importing VectorSupport$StoreVectorOperationWithMap.members#65.0-1788502602000-java.trap.gz (963 of 1074)
[2026-09-26 23:46:15] Importing VectorSupport$TernaryOperation.members#65.0-1788502602000-java.trap.gz (964 of 1074)
[2026-09-26 23:46:15] Importing VectorSupport$UnaryOperation.members#65.0-1788502602000-java.trap.gz (965 of 1074)
[2026-09-26 23:46:15] Importing VectorSupport$VecExtractOp.members#65.0-1788502602000-java.trap.gz (966 of 1074)
[2026-09-26 23:46:15] Importing VectorSupport$VecInsertOp.members#65.0-1788502602000-java.trap.gz (967 of 1074)
[2026-09-26 23:46:15] Importing VectorSupport$Vector.members#65.0-1788502602000-java.trap.gz (968 of 1074)
[2026-09-26 23:46:15] Importing VectorSupport$VectorBlendOp.members#65.0-1788502602000-java.trap.gz (969 of 1074)
[2026-09-26 23:46:15] Importing VectorSupport$VectorBroadcastIntOp.members#65.0-1788502602000-java.trap.gz (970 of 1074)
[2026-09-26 23:46:15] Importing VectorSupport$VectorCompareOp.members#65.0-1788502602000-java.trap.gz (971 of 1074)
[2026-09-26 23:46:15] Importing VectorSupport$VectorConvertOp.members#65.0-1788502602000-java.trap.gz (972 of 1074)
[2026-09-26 23:46:15] Importing VectorSupport$VectorMask.members#65.0-1788502602000-java.trap.gz (973 of 1074)
[2026-09-26 23:46:15] Importing VectorSupport$VectorMaskOp.members#65.0-1788502602000-java.trap.gz (974 of 1074)
[2026-09-26 23:46:15] Importing VectorSupport$VectorPayload.members#65.0-1788502602000-java.trap.gz (975 of 1074)
[2026-09-26 23:46:15] Importing VectorSupport$VectorRearrangeOp.members#65.0-1788502602000-java.trap.gz (976 of 1074)
[2026-09-26 23:46:15] Importing VectorSupport$VectorShuffle.members#65.0-1788502602000-java.trap.gz (977 of 1074)
[2026-09-26 23:46:15] Importing VectorSupport$VectorSpecies.members#65.0-1788502602000-java.trap.gz (978 of 1074)
[2026-09-26 23:46:15] Importing VectorSupport.members#65.0-1788502602000-java.trap.gz (979 of 1074)
[2026-09-26 23:46:15] Importing API$Status.members#50.0-1624762392000-java.trap.gz (980 of 1074)
[2026-09-26 23:46:15] Importing API.members#50.0-1624762392000-java.trap.gz (981 of 1074)
[2026-09-26 23:46:15] Importing Assertions.members#61.0-318171600000-java.trap.gz (982 of 1074)
[2026-09-26 23:46:15] Importing Test.members#61.0-318171600000-java.trap.gz (983 of 1074)
[2026-09-26 23:46:15] Importing Executable.members#61.0-318171600000-java.trap.gz (984 of 1074)
[2026-09-26 23:46:15] Importing ThrowingSupplier.members#61.0-318171600000-java.trap.gz (985 of 1074)
[2026-09-26 23:46:15] Importing Contract.members#61.0-318171600000-java.trap.gz (986 of 1074)
[2026-09-26 23:46:15] Importing Testable.members#61.0-318171600000-java.trap.gz (987 of 1074)
[2026-09-26 23:46:15] Importing CertificateUtil.members#0.0-1790341155049-java.trap.gz (988 of 1074)
[2026-09-26 23:46:15] Importing PKIXTest.members#0.0-1790341155072-java.trap.gz (989 of 1074)
[2026-09-26 23:46:15] Importing RSAPublicKeyUtil$DataInputStream2.members#0.0-1790341155052-java.trap.gz (990 of 1074)
[2026-09-26 23:46:15] Importing RSAPublicKeyUtil$DataOutputStream2.members#0.0-1790341155052-java.trap.gz (991 of 1074)
[2026-09-26 23:46:15] Importing RSAPublicKeyUtil.members#0.0-1790341155052-java.trap.gz (992 of 1074)
[2026-09-26 23:46:15] Importing RSAPublicKeyUtilTest.members#0.0-1790341155076-java.trap.gz (993 of 1074)
[2026-09-26 23:46:15] Importing SignatureOutputStream.members#0.0-1790341155055-java.trap.gz (994 of 1074)
[2026-09-26 23:46:15] Importing MultipleFailuresError.members#50.0-1688610308000-java.trap.gz (995 of 1074)
[2026-09-26 23:46:15] Importing Empty.members#65.0-1788502602000-java.trap.gz (996 of 1074)
[2026-09-26 23:46:15] Importing Wrapper.members#65.0-1788502602000-java.trap.gz (997 of 1074)
[2026-09-26 23:46:16] Importing DirectBuffer.members#65.0-1788502602000-java.trap.gz (998 of 1074)
[2026-09-26 23:46:16] Importing Interruptible.members#65.0-1788502602000-java.trap.gz (999 of 1074)
[2026-09-26 23:46:16] Importing AnnotationType.members#65.0-1788502602000-java.trap.gz (1000 of 1074)
[2026-09-26 23:46:16] Importing GenericsFactory.members#65.0-1788502602000-java.trap.gz (1001 of 1074)
[2026-09-26 23:46:16] Importing AbstractRepository.members#65.0-1788502602000-java.trap.gz (1002 of 1074)
[2026-09-26 23:46:16] Importing ConstructorRepository.members#65.0-1788502602000-java.trap.gz (1003 of 1074)
[2026-09-26 23:46:16] Importing GenericDeclRepository.members#65.0-1788502602000-java.trap.gz (1004 of 1074)
[2026-09-26 23:46:16] Importing MethodRepository.members#65.0-1788502602000-java.trap.gz (1005 of 1074)
[2026-09-26 23:46:16] Importing ArrayTypeSignature.members#65.0-1788502602000-java.trap.gz (1006 of 1074)
[2026-09-26 23:46:16] Importing BaseType.members#65.0-1788502602000-java.trap.gz (1007 of 1074)
[2026-09-26 23:46:16] Importing BooleanSignature.members#65.0-1788502602000-java.trap.gz (1008 of 1074)
[2026-09-26 23:46:16] Importing BottomSignature.members#65.0-1788502602000-java.trap.gz (1009 of 1074)
[2026-09-26 23:46:16] Importing ByteSignature.members#65.0-1788502602000-java.trap.gz (1010 of 1074)
[2026-09-26 23:46:16] Importing CharSignature.members#65.0-1788502602000-java.trap.gz (1011 of 1074)
[2026-09-26 23:46:16] Importing ClassSignature.members#65.0-1788502602000-java.trap.gz (1012 of 1074)
[2026-09-26 23:46:16] Importing ClassTypeSignature.members#65.0-1788502602000-java.trap.gz (1013 of 1074)
[2026-09-26 23:46:16] Importing DoubleSignature.members#65.0-1788502602000-java.trap.gz (1014 of 1074)
[2026-09-26 23:46:16] Importing FieldTypeSignature.members#65.0-1788502602000-java.trap.gz (1015 of 1074)
[2026-09-26 23:46:16] Importing FloatSignature.members#65.0-1788502602000-java.trap.gz (1016 of 1074)
[2026-09-26 23:46:16] Importing FormalTypeParameter.members#65.0-1788502602000-java.trap.gz (1017 of 1074)
[2026-09-26 23:46:16] Importing IntSignature.members#65.0-1788502602000-java.trap.gz (1018 of 1074)
[2026-09-26 23:46:16] Importing LongSignature.members#65.0-1788502602000-java.trap.gz (1019 of 1074)
[2026-09-26 23:46:16] Importing MethodTypeSignature.members#65.0-1788502602000-java.trap.gz (1020 of 1074)
[2026-09-26 23:46:16] Importing ReturnType.members#65.0-1788502602000-java.trap.gz (1021 of 1074)
[2026-09-26 23:46:16] Importing ShortSignature.members#65.0-1788502602000-java.trap.gz (1022 of 1074)
[2026-09-26 23:46:16] Importing Signature.members#65.0-1788502602000-java.trap.gz (1023 of 1074)
[2026-09-26 23:46:16] Importing SimpleClassTypeSignature.members#65.0-1788502602000-java.trap.gz (1024 of 1074)
[2026-09-26 23:46:16] Importing Tree.members#65.0-1788502602000-java.trap.gz (1025 of 1074)
[2026-09-26 23:46:16] Importing TypeArgument.members#65.0-1788502602000-java.trap.gz (1026 of 1074)
[2026-09-26 23:46:16] Importing TypeSignature.members#65.0-1788502602000-java.trap.gz (1027 of 1074)
[2026-09-26 23:46:16] Importing TypeTree.members#65.0-1788502602000-java.trap.gz (1028 of 1074)
[2026-09-26 23:46:16] Importing TypeVariableSignature.members#65.0-1788502602000-java.trap.gz (1029 of 1074)
[2026-09-26 23:46:16] Importing VoidDescriptor.members#65.0-1788502602000-java.trap.gz (1030 of 1074)
[2026-09-26 23:46:16] Importing Wildcard.members#65.0-1788502602000-java.trap.gz (1031 of 1074)
[2026-09-26 23:46:16] Importing Reifier.members#65.0-1788502602000-java.trap.gz (1032 of 1074)
[2026-09-26 23:46:16] Importing TypeTreeVisitor.members#65.0-1788502602000-java.trap.gz (1033 of 1074)
[2026-09-26 23:46:16] Importing Visitor.members#65.0-1788502602000-java.trap.gz (1034 of 1074)
[2026-09-26 23:46:16] Importing BitArray.members#65.0-1788502602000-java.trap.gz (1035 of 1074)
[2026-09-26 23:46:16] Importing Debug.members#65.0-1788502602000-java.trap.gz (1036 of 1074)
[2026-09-26 23:46:16] Importing DerEncoder.members#65.0-1788502602000-java.trap.gz (1037 of 1074)
[2026-09-26 23:46:16] Importing DerInputStream.members#65.0-1788502602000-java.trap.gz (1038 of 1074)
[2026-09-26 23:46:16] Importing DerOutputStream.members#65.0-1788502602000-java.trap.gz (1039 of 1074)
[2026-09-26 23:46:16] Importing DerValue.members#65.0-1788502602000-java.trap.gz (1040 of 1074)
[2026-09-26 23:46:16] Importing KnownOIDs.members#65.0-1788502602000-java.trap.gz (1041 of 1074)
[2026-09-26 23:46:16] Importing ObjectIdentifier.members#65.0-1788502602000-java.trap.gz (1042 of 1074)
[2026-09-26 23:46:16] Importing AVA.members#65.0-1788502602000-java.trap.gz (1043 of 1074)
[2026-09-26 23:46:16] Importing GeneralNameInterface.members#65.0-1788502602000-java.trap.gz (1044 of 1074)
[2026-09-26 23:46:16] Importing RDN.members#65.0-1788502602000-java.trap.gz (1045 of 1074)
[2026-09-26 23:46:16] Importing X500Name.members#65.0-1788502602000-java.trap.gz (1046 of 1074)
[2026-09-26 23:46:16] Importing BaseLocale.members#65.0-1788502602000-java.trap.gz (1047 of 1074)
[2026-09-26 23:46:16] Importing Extension.members#65.0-1788502602000-java.trap.gz (1048 of 1074)
[2026-09-26 23:46:16] Importing InternalLocaleBuilder$CaseInsensitiveChar.members#65.0-1788502602000-java.trap.gz (1049 of 1074)
[2026-09-26 23:46:16] Importing InternalLocaleBuilder$CaseInsensitiveString.members#65.0-1788502602000-java.trap.gz (1050 of 1074)
[2026-09-26 23:46:16] Importing InternalLocaleBuilder.members#65.0-1788502602000-java.trap.gz (1051 of 1074)
[2026-09-26 23:46:16] Importing LanguageTag.members#65.0-1788502602000-java.trap.gz (1052 of 1074)
[2026-09-26 23:46:16] Importing LocaleExtensions.members#65.0-1788502602000-java.trap.gz (1053 of 1074)
[2026-09-26 23:46:16] Importing LocaleSyntaxException.members#65.0-1788502602000-java.trap.gz (1054 of 1074)
[2026-09-26 23:46:16] Importing ParseStatus.members#65.0-1788502602000-java.trap.gz (1055 of 1074)
[2026-09-26 23:46:16] Importing diagnostic-1.trap.gz (1056 of 1074)
[2026-09-26 23:46:16] Importing diagnostic.trap.gz (1057 of 1074)
[2026-09-26 23:46:16] Importing extensions.xml.trap.gz (1058 of 1074)
[2026-09-26 23:46:16] Importing effective-pom.xml.trap.gz (1059 of 1074)
[2026-09-26 23:46:16] Importing pom.xml.trap.gz (1060 of 1074)
[2026-09-26 23:46:16] Importing CertificateUtil.java.trap.gz (1061 of 1074)
[2026-09-26 23:46:16] Importing RSAPublicKeyUtil.java.trap.gz (1062 of 1074)
[2026-09-26 23:46:16] Importing SignatureOutputStream.java.trap.gz (1063 of 1074)
[2026-09-26 23:46:16] Importing PKIXTest.java.trap.gz (1064 of 1074)
[2026-09-26 23:46:16] Importing RSAPublicKeyUtilTest.java.trap.gz (1065 of 1074)
[2026-09-26 23:46:16] Importing pom.properties.trap.gz (1066 of 1074)
[2026-09-26 23:46:16] Importing spotbugsXml.xml.trap.gz (1067 of 1074)
[2026-09-26 23:46:16] Importing spotbugs-annotations-4.9.8.jar.trap.gz (1068 of 1074)
[2026-09-26 23:46:16] Importing apiguardian-api-1.1.2.jar.trap.gz (1069 of 1074)
[2026-09-26 23:46:16] Importing junit-jupiter-api-6.0.1.jar.trap.gz (1070 of 1074)
[2026-09-26 23:46:16] Importing junit-platform-commons-6.0.1.jar.trap.gz (1071 of 1074)
[2026-09-26 23:46:16] Importing opentest4j-1.3.0.jar.trap.gz (1072 of 1074)
[2026-09-26 23:46:16] Importing metadata.trap.gz (1073 of 1074)
[2026-09-26 23:46:16] Importing java.base.trap.gz (1074 of 1074)
[2026-09-26 23:46:16] [PROGRESS] dataset import> Merging relations
[2026-09-26 23:46:17] Merging 1 fragment for 'packages'.
[2026-09-26 23:46:17] Merged 383 bytes for 'packages'.
[2026-09-26 23:46:17] Merging 1 fragment for 'classes_or_interfaces'.
[2026-09-26 23:46:17] Merged 21058 bytes (20.56 KiB) for 'classes_or_interfaces'.
[2026-09-26 23:46:17] Merging 1 fragment for 'isInterface'.
[2026-09-26 23:46:17] Merged 2310 bytes (2.26 KiB) for 'isInterface'.
[2026-09-26 23:46:17] Merging 1 fragment for 'files'.
[2026-09-26 23:46:17] Merged 2340 bytes (2.29 KiB) for 'files'.
[2026-09-26 23:46:17] Merging 1 fragment for 'folders'.
[2026-09-26 23:46:17] Merged 408 bytes for 'folders'.
[2026-09-26 23:46:17] Merging 1 fragment for 'containerparent'.
[2026-09-26 23:46:17] Merged 1999 bytes (1.95 KiB) for 'containerparent'.
[2026-09-26 23:46:17] Merging 1 fragment for 'locations_default'.
[2026-09-26 23:46:17] Merged 16169 bytes (15.79 KiB) for 'locations_default'.
[2026-09-26 23:46:17] Merging 1 fragment for 'hasLocation'.
[2026-09-26 23:46:17] Merged 55555 bytes (54.25 KiB) for 'hasLocation'.
[2026-09-26 23:46:17] Merging 1 fragment for 'cupackage'.
[2026-09-26 23:46:17] Merged 1650 bytes (1.61 KiB) for 'cupackage'.
[2026-09-26 23:46:17] Merging 1 fragment for 'extendsReftype'.
[2026-09-26 23:46:17] Merged 10659 bytes (10.41 KiB) for 'extendsReftype'.
[2026-09-26 23:46:17] Merging 1 fragment for 'isAnnotType'.
[2026-09-26 23:46:17] Merged 64 bytes for 'isAnnotType'.
[2026-09-26 23:46:17] Merging 1 fragment for 'modifiers'.
[2026-09-26 23:46:17] Merged 60 bytes for 'modifiers'.
[2026-09-26 23:46:17] Merging 1 fragment for 'hasModifier'.
[2026-09-26 23:46:17] Merged 90146 bytes (88.03 KiB) for 'hasModifier'.
[2026-09-26 23:46:17] Merging 1 fragment for 'exprs'.
[2026-09-26 23:46:17] Merged 20331 bytes (19.85 KiB) for 'exprs'.
[2026-09-26 23:46:17] Merging 1 fragment for 'variableBinding'.
[2026-09-26 23:46:17] Merged 859 bytes for 'variableBinding'.
[2026-09-26 23:46:17] Merging 1 fragment for 'annotValue'.
[2026-09-26 23:46:17] Merged 3033 bytes (2.96 KiB) for 'annotValue'.
[2026-09-26 23:46:17] Merging 1 fragment for 'arrays'.
[2026-09-26 23:46:17] Merged 1623 bytes (1.58 KiB) for 'arrays'.
[2026-09-26 23:46:17] Merging 1 fragment for 'fields'.
[2026-09-26 23:46:17] Merged 9106 bytes (8.89 KiB) for 'fields'.
[2026-09-26 23:46:17] Merging 1 fragment for 'methods'.
[2026-09-26 23:46:17] Merged 111815 bytes (109.19 KiB) for 'methods'.
[2026-09-26 23:46:17] Merging 1 fragment for 'implInterface'.
[2026-09-26 23:46:17] Merged 6655 bytes (6.50 KiB) for 'implInterface'.
[2026-09-26 23:46:17] Merging 1 fragment for 'primitives'.
[2026-09-26 23:46:17] Merged 44 bytes for 'primitives'.
[2026-09-26 23:46:17] Merging 1 fragment for 'isAnnotElem'.
[2026-09-26 23:46:17] Merged 48 bytes for 'isAnnotElem'.
[2026-09-26 23:46:17] Merging 1 fragment for 'cumodule'.
[2026-09-26 23:46:17] Merged 1170 bytes (1.14 KiB) for 'cumodule'.
[2026-09-26 23:46:17] Merging 1 fragment for 'typeArgs'.
[2026-09-26 23:46:17] Merged 8440 bytes (8.24 KiB) for 'typeArgs'.
[2026-09-26 23:46:17] Merging 1 fragment for 'isParameterized'.
[2026-09-26 23:46:17] Merged 2807 bytes (2.74 KiB) for 'isParameterized'.
[2026-09-26 23:46:17] Merging 1 fragment for 'params'.
[2026-09-26 23:46:17] Merged 120493 bytes (117.67 KiB) for 'params'.
[2026-09-26 23:46:17] Merging 1 fragment for 'enclInReftype'.
[2026-09-26 23:46:17] Merged 1510 bytes (1.47 KiB) for 'enclInReftype'.
[2026-09-26 23:46:17] Merging 1 fragment for 'isRaw'.
[2026-09-26 23:46:17] Merged 193 bytes for 'isRaw'.
[2026-09-26 23:46:17] Merging 1 fragment for 'typeVars'.
[2026-09-26 23:46:17] Merged 3391 bytes (3.31 KiB) for 'typeVars'.
[2026-09-26 23:46:17] Merging 1 fragment for 'typeBounds'.
[2026-09-26 23:46:17] Merged 2297 bytes (2.24 KiB) for 'typeBounds'.
[2026-09-26 23:46:17] Merging 1 fragment for 'wildcards'.
[2026-09-26 23:46:17] Merged 1443 bytes (1.41 KiB) for 'wildcards'.
[2026-09-26 23:46:17] Merging 1 fragment for 'exceptions'.
[2026-09-26 23:46:17] Merged 4853 bytes (4.74 KiB) for 'exceptions'.
[2026-09-26 23:46:17] Merging 1 fragment for 'constrs'.
[2026-09-26 23:46:17] Merged 7668 bytes (7.49 KiB) for 'constrs'.
[2026-09-26 23:46:17] Merging 1 fragment for 'isEnumType'.
[2026-09-26 23:46:17] Merged 113 bytes for 'isEnumType'.
[2026-09-26 23:46:17] Merging 1 fragment for 'isEnumConst'.
[2026-09-26 23:46:18] Merged 741 bytes for 'isEnumConst'.
[2026-09-26 23:46:18] Merging 1 fragment for 'namestrings'.
[2026-09-26 23:46:18] Merged 1290 bytes (1.26 KiB) for 'namestrings'.
[2026-09-26 23:46:18] Merging 1 fragment for 'permits'.
[2026-09-26 23:46:18] Merged 1428 bytes (1.39 KiB) for 'permits'.
[2026-09-26 23:46:18] Merging 1 fragment for 'isVarargsParam'.
[2026-09-26 23:46:18] Merged 256 bytes for 'isVarargsParam'.
[2026-09-26 23:46:18] Merging 1 fragment for 'isRecord'.
[2026-09-26 23:46:18] Merged 21 bytes for 'isRecord'.
[2026-09-26 23:46:18] Merging 1 fragment for 'isDefConstr'.
[2026-09-26 23:46:18] Merged 29 bytes for 'isDefConstr'.
[2026-09-26 23:46:18] Merging 1 fragment for 'compilations'.
[2026-09-26 23:46:18] Merged 56 bytes for 'compilations'.
[2026-09-26 23:46:18] Merging 1 fragment for 'compilation_args'.
[2026-09-26 23:46:18] Merged 61 bytes for 'compilation_args'.
[2026-09-26 23:46:18] Merging 1 fragment for 'compilation_expanded_args'.
[2026-09-26 23:46:18] Merged 139 bytes for 'compilation_expanded_args'.
[2026-09-26 23:46:18] Merging 1 fragment for 'diagnostic_for'.
[2026-09-26 23:46:18] Merged 56 bytes for 'diagnostic_for'.
[2026-09-26 23:46:18] Merging 1 fragment for 'diagnostics'.
[2026-09-26 23:46:18] Merged 91 bytes for 'diagnostics'.
[2026-09-26 23:46:18] Merging 1 fragment for 'compilation_info'.
[2026-09-26 23:46:18] Merged 65 bytes for 'compilation_info'.
[2026-09-26 23:46:18] Merging 1 fragment for 'compilation_time'.
[2026-09-26 23:46:18] Merged 352 bytes for 'compilation_time'.
[2026-09-26 23:46:18] Merging 1 fragment for 'compilation_compiling_files'.
[2026-09-26 23:46:18] Merged 55 bytes for 'compilation_compiling_files'.
[2026-09-26 23:46:18] Merging 1 fragment for 'compilation_compiling_files_completed'.
[2026-09-26 23:46:18] Merged 50 bytes for 'compilation_compiling_files_completed'.
[2026-09-26 23:46:18] Merging 1 fragment for 'compilation_finished'.
[2026-09-26 23:46:18] Merged 91 bytes for 'compilation_finished'.
[2026-09-26 23:46:18] Merging 1 fragment for 'xmllocations'.
[2026-09-26 23:46:18] Merged 3425 bytes (3.34 KiB) for 'xmllocations'.
[2026-09-26 23:46:18] Merging 1 fragment for 'xmlNs'.
[2026-09-26 23:46:18] Merged 81 bytes for 'xmlNs'.
[2026-09-26 23:46:18] Merging 1 fragment for 'xmlElements'.
[2026-09-26 23:46:18] Merged 4789 bytes (4.68 KiB) for 'xmlElements'.
[2026-09-26 23:46:18] Merging 1 fragment for 'xmlHasNs'.
[2026-09-26 23:46:18] Merged 971 bytes for 'xmlHasNs'.
[2026-09-26 23:46:18] Merging 1 fragment for 'xmlAttrs'.
[2026-09-26 23:46:18] Merged 1115 bytes (1.09 KiB) for 'xmlAttrs'.
[2026-09-26 23:46:18] Merging 1 fragment for 'xmlChars'.
[2026-09-26 23:46:18] Merged 2177 bytes (2.13 KiB) for 'xmlChars'.
[2026-09-26 23:46:18] Merging 1 fragment for 'numlines'.
[2026-09-26 23:46:18] Merged 2998 bytes (2.93 KiB) for 'numlines'.
[2026-09-26 23:46:18] Merging 1 fragment for 'xmlEncoding'.
[2026-09-26 23:46:18] Merged 37 bytes for 'xmlEncoding'.
[2026-09-26 23:46:18] Merging 1 fragment for 'xmlComments'.
[2026-09-26 23:46:18] Merged 81 bytes for 'xmlComments'.
[2026-09-26 23:46:18] Merging 1 fragment for 'imports'.
[2026-09-26 23:46:18] Merged 241 bytes for 'imports'.
[2026-09-26 23:46:18] Merging 1 fragment for 'hasJavadoc'.
[2026-09-26 23:46:18] Merged 68 bytes for 'hasJavadoc'.
[2026-09-26 23:46:18] Merging 1 fragment for 'stmts'.
[2026-09-26 23:46:18] Merged 974 bytes for 'stmts'.
[2026-09-26 23:46:18] Merging 1 fragment for 'callableBinding'.
[2026-09-26 23:46:18] Merged 484 bytes for 'callableBinding'.
[2026-09-26 23:46:18] Merging 1 fragment for 'callableEnclosingExpr'.
[2026-09-26 23:46:18] Merged 648 bytes for 'callableEnclosingExpr'.
[2026-09-26 23:46:18] Merging 1 fragment for 'statementEnclosingExpr'.
[2026-09-26 23:46:18] Merged 864 bytes for 'statementEnclosingExpr'.
[2026-09-26 23:46:18] Merging 1 fragment for 'localvars'.
[2026-09-26 23:46:18] Merged 316 bytes for 'localvars'.
[2026-09-26 23:46:18] Merging 1 fragment for 'paramName'.
[2026-09-26 23:46:18] Merged 93 bytes for 'paramName'.
[2026-09-26 23:46:18] Merging 1 fragment for 'javadoc'.
[2026-09-26 23:46:18] Merged 69 bytes for 'javadoc'.
[2026-09-26 23:46:18] Merging 1 fragment for 'isNormalComment'.
[2026-09-26 23:46:18] Merged 53 bytes for 'isNormalComment'.
[2026-09-26 23:46:18] Merging 1 fragment for 'javadocText'.
[2026-09-26 23:46:18] Merged 327 bytes for 'javadocText'.
[2026-09-26 23:46:18] Merging 1 fragment for 'javadocTag'.
[2026-09-26 23:46:18] Merged 82 bytes for 'javadocTag'.
[2026-09-26 23:46:18] Merging 1 fragment for 'fielddecls'.
[2026-09-26 23:46:18] Merged 35 bytes for 'fielddecls'.
[2026-09-26 23:46:18] Merging 1 fragment for 'fieldDeclaredIn'.
[2026-09-26 23:46:18] Merged 44 bytes for 'fieldDeclaredIn'.
[2026-09-26 23:46:18] Merging 1 fragment for 'lambdaKind'.
[2026-09-26 23:46:18] Merged 32 bytes for 'lambdaKind'.
[2026-09-26 23:46:18] Merging 1 fragment for 'error_type'.
[2026-09-26 23:46:18] Merged 19 bytes for 'error_type'.
[2026-09-26 23:46:18] Merging 1 fragment for 'isAnonymClass'.
[2026-09-26 23:46:18] Merged 35 bytes for 'isAnonymClass'.
[2026-09-26 23:46:18] Merging 1 fragment for 'isEolComment'.
[2026-09-26 23:46:18] Merged 49 bytes for 'isEolComment'.
[2026-09-26 23:46:18] Merging 1 fragment for 'configs'.
[2026-09-26 23:46:18] Merged 23 bytes for 'configs'.
[2026-09-26 23:46:18] Merging 1 fragment for 'configLocations'.
[2026-09-26 23:46:18] Merged 49 bytes for 'configLocations'.
[2026-09-26 23:46:18] Merging 1 fragment for 'configNames'.
[2026-09-26 23:46:18] Merged 52 bytes for 'configNames'.
[2026-09-26 23:46:18] Merging 1 fragment for 'configValues'.
[2026-09-26 23:46:18] Merged 50 bytes for 'configValues'.
[2026-09-26 23:46:18] Merging 1 fragment for 'jarManifestMain'.
[2026-09-26 23:46:18] Merged 287 bytes for 'jarManifestMain'.
[2026-09-26 23:46:18] Merging 1 fragment for 'sourceLocationPrefix'.
[2026-09-26 23:46:18] Merged 17 bytes for 'sourceLocationPrefix'.
[2026-09-26 23:46:18] Merging 1 fragment for 'modules'.
[2026-09-26 23:46:18] Merged 118 bytes for 'modules'.
[2026-09-26 23:46:18] Merging 1 fragment for 'exports'.
[2026-09-26 23:46:18] Merged 372 bytes for 'exports'.
[2026-09-26 23:46:18] Merging 1 fragment for 'directives'.
[2026-09-26 23:46:18] Merged 189 bytes for 'directives'.
[2026-09-26 23:46:18] Merging 1 fragment for 'exportsTo'.
[2026-09-26 23:46:18] Merged 365 bytes for 'exportsTo'.
[2026-09-26 23:46:18] Merging 1 fragment for 'uses'.
[2026-09-26 23:46:18] Merged 100 bytes for 'uses'.
[2026-09-26 23:46:18] Merging 1 fragment for 'provides'.
[2026-09-26 23:46:18] Merged 32 bytes for 'provides'.
[2026-09-26 23:46:18] Merging 1 fragment for 'providesWith'.
[2026-09-26 23:46:18] Merged 36 bytes for 'providesWith'.
[2026-09-26 23:46:18] Saving string and id pools to disk.
[2026-09-26 23:46:19] Finished importing TRAP files.
[2026-09-26 23:46:19] Read 15.40 MiB of uncompressed TRAP data.
[2026-09-26 23:46:19] Uncompressed relation data size: 1.89 MiB
[2026-09-26 23:46:19] Relation data size: 524.68 KiB (merge rate: 672.07 KiB/s)
[2026-09-26 23:46:19] String pool size: 2.41 MiB
[2026-09-26 23:46:19] ID pool size: 4.50 MiB
[2026-09-26 23:46:19] [PROGRESS] dataset import> Finished writing database (relations: 524.68 KiB; string pool: 2.41 MiB).
[2026-09-26 23:46:19] Pausing evaluation to close the cache at sequence stamp o+183
[2026-09-26 23:46:19] The disk cache is freshly trimmed; leave it be.
[2026-09-26 23:46:19] Unpausing evaluation
[2026-09-26 23:46:19] Plumbing command codeql dataset import completed.
[2026-09-26 23:46:19] [PROGRESS] database finalize> TRAP import complete (9.6s).
[2026-09-26 23:46:19] Running plumbing command: codeql database cleanup -- /home/cngu5238/COMP4617/COMP4617/codeql-database/lib-crypto-util
[2026-09-26 23:46:19] [PROGRESS] database cleanup> Cleaning up existing TRAP files after import...
[2026-09-26 23:46:24] [PROGRESS] database cleanup> TRAP files cleaned up (4.1s).
[2026-09-26 23:46:24] [PROGRESS] database cleanup> Cleaning up scratch directory...
[2026-09-26 23:46:24] [PROGRESS] database cleanup> Scratch directory cleaned up (5ms).
[2026-09-26 23:46:24] Running plumbing command: codeql dataset cleanup -- /home/cngu5238/COMP4617/COMP4617/codeql-database/lib-crypto-util/db-java
[2026-09-26 23:46:24] [PROGRESS] dataset cleanup> Cleaning up dataset in /home/cngu5238/COMP4617/COMP4617/codeql-database/lib-crypto-util/db-java.
[2026-09-26 23:46:24] Trimming disk cache at /home/cngu5238/COMP4617/COMP4617/codeql-database/lib-crypto-util/db-java/default/cache in mode trim.
[2026-09-26 23:46:24] Sequence stamp origin is -5864046048528232112
[2026-09-26 23:46:24] Pausing evaluation to quickly trim memory at sequence stamp o+0
[2026-09-26 23:46:24] Unpausing evaluation
[2026-09-26 23:46:24] Pausing evaluation to zealously trim disk at sequence stamp o+1
[2026-09-26 23:46:24] Unpausing evaluation
[2026-09-26 23:46:24] Trimming completed (9ms): Trimmed disposable data from cache.
[2026-09-26 23:46:24] Pausing evaluation to close the cache at sequence stamp o+2
[2026-09-26 23:46:24] The disk cache is freshly trimmed; leave it be.
[2026-09-26 23:46:24] Unpausing evaluation
[2026-09-26 23:46:24] [PROGRESS] dataset cleanup> Trimmed disposable data from cache.
[2026-09-26 23:46:24] [PROGRESS] dataset cleanup> Finalizing dataset in /home/cngu5238/COMP4617/COMP4617/codeql-database/lib-crypto-util/db-java
[2026-09-26 23:46:24] [DETAILS] dataset cleanup> Finished deleting ID pool from /home/cngu5238/COMP4617/COMP4617/codeql-database/lib-crypto-util/db-java (14ms).
[2026-09-26 23:46:24] Plumbing command codeql dataset cleanup completed.
[2026-09-26 23:46:24] Plumbing command codeql database cleanup completed with status 0.
[2026-09-26 23:46:24] [PROGRESS] database finalize> Finished zipping source archive (16.82 KiB).
[2026-09-26 23:46:24] Plumbing command codeql database finalize completed.
[2026-09-26 23:46:24] [PROGRESS] database create> Successfully created database at /home/cngu5238/COMP4617/COMP4617/codeql-database/lib-crypto-util.
[2026-09-26 23:46:24] Terminating normally.
